Gene_ID_PB,DOZI_regulated?
PBANKA_0805700,NO
PBANKA_0711900,NO
PBANKA_0941800,NO
PBANKA_0704500,NO
PBANKA_0515000,YES
PBANKA_0316200,NO
PBANKA_1111000,NO
PBANKA_1326400,NO
PBANKA_1423300,NO
PBANKA_0201600,NO
PBANKA_1365500,NO
PBANKA_0514900,YES
PBANKA_1214300,NO
PBANKA_1123500,NO
PBANKA_1034400,NO
PBANKA_1210200,NO
PBANKA_1437500,NO
PBANKA_0831000,NO
PBANKA_0830200,NO
PBANKA_0107600,NO
PBANKA_1439200,NO
PBANKA_1145800,NO
PBANKA_0939600,NO
PBANKA_0505900,NO
PBANKA_1340100,NO
PBANKA_1206300,NO
PBANKA_0623100,NO
PBANKA_1122700,NO
PBANKA_1011500,NO
PBANKA_1025500,NO
PBANKA_1106700,NO
PBANKA_1010300,NO
PBANKA_1008500,NO
PBANKA_1437300,NO
PBANKA_1331400,NO
PBANKA_0826700,NO
PBANKA_1314800,NO
PBANKA_0612400,YES
PBANKA_0300600,NO
PBANKA_0508100,NO
PBANKA_0604500,NO
PBANKA_1308600,NO
PBANKA_1102200,NO
PBANKA_1420500,NO
PBANKA_0719500,NO
PBANKA_1454200,NO
PBANKA_0519900,NO
PBANKA_1128500,NO
PBANKA_0712600,NO
PBANKA_0826900,NO
PBANKA_1400600,NO
PBANKA_1226100,NO
PBANKA_0818900,NO
PBANKA_1428700,NO
PBANKA_1019400,NO
PBANKA_1237100,NO
PBANKA_0103300,NO
PBANKA_1318100,NO
PBANKA_0802300,NO
PBANKA_0702800,NO
PBANKA_0918000,NO
PBANKA_1448200,NO
PBANKA_0404000,NO
PBANKA_1463000,NO
PBANKA_1400700,NO
PBANKA_1238800,NO
PBANKA_0208800,NO
PBANKA_1459300,NO
PBANKA_0807900,NO
PBANKA_0416000,NO
PBANKA_1213000,NO
PBANKA_1231700,NO
PBANKA_1219300,NO
PBANKA_0106300,NO
PBANKA_0511900,NO
PBANKA_0524300,NO
PBANKA_1231600,NO
PBANKA_1126800,NO
PBANKA_1438400,NO
PBANKA_0509000,NO
PBANKA_1033900,NO
PBANKA_1036000,NO
PBANKA_1125600,NO
PBANKA_1145900,NO
PBANKA_0522700,NO
PBANKA_0931200,NO
PBANKA_1115300,YES
PBANKA_0906900,NO
PBANKA_0937200,NO
PBANKA_0823400,NO
PBANKA_1344500,NO
PBANKA_1355100,NO
PBANKA_1016700,NO
PBANKA_0210600,NO
PBANKA_0305100,NO
PBANKA_1448700,NO
PBANKA_0521300,NO
PBANKA_0309400,NO
PBANKA_1025100,NO
PBANKA_1310800,NO
PBANKA_1206900,NO
PBANKA_0100700,NO
PBANKA_1439100,NO
PBANKA_1319500,YES
PBANKA_1361200,NO
PBANKA_0943100,NO
PBANKA_0405500,NO
PBANKA_0901900,NO
PBANKA_0927600,NO
PBANKA_1108500,NO
PBANKA_0941900,NO
PBANKA_1442200,NO
PBANKA_1127000,NO
PBANKA_1134900,YES
PBANKA_1410300,NO
PBANKA_1113000,NO
PBANKA_0804100,NO
PBANKA_1237800,YES
PBANKA_1463300,YES
PBANKA_0408300,NO
PBANKA_1438300,NO
PBANKA_0717800,NO
PBANKA_0418000,NO
PBANKA_0510900,NO
PBANKA_1109000,NO
PBANKA_1411300,NO
PBANKA_0707100,YES
PBANKA_1446500,NO
PBANKA_0402700,YES
PBANKA_1033800,NO
PBANKA_1121700,NO
PBANKA_0214700,NO
PBANKA_1360300,NO
PBANKA_1202400,NO
PBANKA_1433800,NO
PBANKA_0622200,NO
PBANKA_0611600,YES
PBANKA_0914400,NO
PBANKA_0909600,NO
PBANKA_1354400,NO
PBANKA_1401300,NO
PBANKA_1334300,NO
PBANKA_1019500,NO
PBANKA_1210800,NO
PBANKA_0704800,NO
PBANKA_0618200,NO
PBANKA_1216500,NO
PBANKA_1406700,NO
PBANKA_0522900,NO
PBANKA_0205200,NO
PBANKA_1234800,NO
PBANKA_0907900,NO
PBANKA_0720400,NO
PBANKA_0919100,NO
PBANKA_0811400,NO
PBANKA_0928100,NO
PBANKA_0932400,NO
PBANKA_1215600,NO
PBANKA_0816400,NO
PBANKA_1104400,NO
PBANKA_1341800,NO
PBANKA_1228100,NO
PBANKA_1032200,NO
PBANKA_1462700,NO
PBANKA_1229200,NO
PBANKA_0607700,NO
PBANKA_1423500,NO
PBANKA_0522600,NO
PBANKA_0914200,NO
PBANKA_0941500,NO
PBANKA_0311800,NO
PBANKA_0524800,NO
PBANKA_1218800,NO
PBANKA_0604800,NO
PBANKA_1019700,NO
PBANKA_1101300,NO
PBANKA_1116800,NO
PBANKA_1359300,NO
PBANKA_0920400,NO
PBANKA_1135700,NO
PBANKA_0807000,NO
PBANKA_1305000,NO
PBANKA_1310200,NO
PBANKA_1338600,NO
PBANKA_1225900,NO
PBANKA_1003100,YES
PBANKA_1125900,YES
PBANKA_1305200,NO
PBANKA_1234200,NO
PBANKA_1329700,NO
PBANKA_1406900,NO
PBANKA_0606600,NO
PBANKA_0707700,NO
PBANKA_1349200,NO
PBANKA_0604300,NO
PBANKA_1018600,NO
PBANKA_0203000,NO
PBANKA_0803200,NO
PBANKA_1436600,YES
PBANKA_0610400,NO
PBANKA_1126900,NO
PBANKA_0925200,NO
PBANKA_1232200,NO
PBANKA_1010500,NO
PBANKA_0613100,NO
PBANKA_0939100,NO
PBANKA_0801600,NO
PBANKA_0212200,NO
PBANKA_1407600,NO
PBANKA_0617100,NO
PBANKA_1452500,NO
PBANKA_1327900,NO
PBANKA_1120400,YES
PBANKA_1028400,NO
PBANKA_1453700,NO
PBANKA_0503200,NO
PBANKA_1141700,NO
PBANKA_0938400,NO
PBANKA_0712900,YES
PBANKA_1306800,NO
PBANKA_1443800,NO
PBANKA_0905900,YES
PBANKA_1428900,NO
PBANKA_0513600,NO
PBANKA_1303800,NO
PBANKA_1320800,YES
PBANKA_0523900,YES
PBANKA_0416100,NO
PBANKA_0517000,NO
PBANKA_1122900,NO
PBANKA_1352000,NO
PBANKA_1204400,NO
PBANKA_1334800,NO
PBANKA_1353800,YES
PBANKA_1235600,NO
PBANKA_0931300,NO
PBANKA_1206200,NO
PBANKA_1402300,NO
PBANKA_1133400,NO
PBANKA_0309200,NO
PBANKA_0926700,NO
PBANKA_1456100,NO
PBANKA_1137000,NO
PBANKA_1101200,NO
PBANKA_0703900,NO
PBANKA_1202600,NO
PBANKA_1023800,NO
PBANKA_1242300,NO
PBANKA_1130900,NO
PBANKA_1001000,NO
PBANKA_1317400,NO
PBANKA_0922100,NO
PBANKA_0311600,NO
PBANKA_1142100,NO
PBANKA_1135300,NO
PBANKA_0819900,NO
PBANKA_1424300,NO
PBANKA_1355700,YES
PBANKA_1229000,NO
PBANKA_0516900,NO
PBANKA_0504400,NO
PBANKA_0312700,NO
PBANKA_0405200,NO
PBANKA_1305100,NO
PBANKA_1356800,NO
PBANKA_1320500,NO
PBANKA_0522800,NO
PBANKA_1303200,NO
PBANKA_0801200,NO
PBANKA_1364200,NO
PBANKA_0710800,NO
PBANKA_0913400,NO
PBANKA_0938000,NO
PBANKA_0301600,YES
PBANKA_1354500,NO
PBANKA_1357200,NO
PBANKA_1013100,NO
PBANKA_0524700,NO
PBANKA_0112100,NO
PBANKA_0507300,NO
PBANKA_MIT03500:rRNA,NO
PBANKA_0610900,NO
PBANKA_1239000,YES
PBANKA_0316800,NO
PBANKA_1359000,YES
PBANKA_1315300,NO
PBANKA_1423600,NO
PBANKA_0417500,NO
PBANKA_1039400,NO
PBANKA_1133300,NO
PBANKA_0407700,NO
PBANKA_1339500,NO
PBANKA_0409400,NO
PBANKA_0943600,NO
PBANKA_1321400,NO
PBANKA_0619100,NO
PBANKA_0943400,YES
PBANKA_1342500,NO
PBANKA_1140300,NO
PBANKA_1362300,NO
PBANKA_0603200,NO
PBANKA_1338300,NO
PBANKA_0717300,NO
PBANKA_0306800,NO
PBANKA_1426200,NO
PBANKA_1232500,NO
PBANKA_0801800,NO
PBANKA_1224200,NO
PBANKA_1133100,NO
PBANKA_0600600,NO
PBANKA_1419300,YES
PBANKA_1456900,NO
PBANKA_0304900,NO
PBANKA_0800400,NO
PBANKA_0308600,NO
PBANKA_1434700,NO
PBANKA_0823100,YES
PBANKA_0622400,NO
PBANKA_0932500,NO
PBANKA_1215400,NO
PBANKA_0602700,NO
PBANKA_1101100,NO
PBANKA_1416300,NO
PBANKA_1407900,NO
PBANKA_0621400,NO
PBANKA_1231800,NO
PBANKA_0903800,NO
PBANKA_0722000,NO
PBANKA_0305000,YES
PBANKA_1329300,NO
PBANKA_0416500,NO
PBANKA_1030600,NO
PBANKA_1230100,YES
PBANKA_0210500,NO
PBANKA_0503500,NO
PBANKA_0807500,NO
PBANKA_1453300,YES
PBANKA_0938300,NO
PBANKA_0917500,NO
PBANKA_1443300,NO
PBANKA_0513900,NO
PBANKA_1318600,YES
PBANKA_1403800,NO
PBANKA_0521700,NO
PBANKA_0942700,NO
PBANKA_1412200,NO
PBANKA_0912300,NO
PBANKA_0701100,NO
PBANKA_1028200,NO
PBANKA_0608600,YES
PBANKA_1443500,NO
PBANKA_0621300,NO
PBANKA_0703500,NO
PBANKA_0615300,NO
PBANKA_1451800,NO
PBANKA_0618600,NO
PBANKA_0823700,NO
PBANKA_1437600,YES
PBANKA_1117500,NO
PBANKA_0610100,NO
PBANKA_1112900,NO
PBANKA_0107300,NO
PBANKA_0303600,NO
PBANKA_0823000,NO
PBANKA_0112600,NO
PBANKA_1232100,NO
PBANKA_1320200,NO
PBANKA_0702900,NO
PBANKA_0614000,NO
PBANKA_0942500,NO
PBANKA_1461300,YES
PBANKA_0623300,NO
PBANKA_1459500,YES
PBANKA_1356000,NO
PBANKA_1426900,NO
PBANKA_0804000,NO
PBANKA_1023500,NO
PBANKA_0601600,NO
PBANKA_0609500,NO
PBANKA_1321600,NO
PBANKA_1407400,NO
PBANKA_0927200,NO
PBANKA_1424200,NO
PBANKA_1362000,NO
PBANKA_1410100,NO
PBANKA_0403600,NO
PBANKA_1444100,NO
PBANKA_0806700,NO
PBANKA_0502500,NO
PBANKA_1333700,YES
PBANKA_1135100,NO
PBANKA_1308000,NO
PBANKA_1446800,NO
PBANKA_1461600,NO
PBANKA_0908300,NO
PBANKA_1326700,NO
PBANKA_1441100,NO
PBANKA_1228400,NO
PBANKA_1218200,NO
PBANKA_0617400,NO
PBANKA_0814200,NO
PBANKA_1425400,NO
PBANKA_1206600,NO
PBANKA_0417200,YES
PBANKA_1300700,NO
PBANKA_1142800,NO
PBANKA_1202700,NO
PBANKA_0105300,NO
PBANKA_1331900,NO
PBANKA_0836300,NO
PBANKA_1329200,NO
PBANKA_1231000,NO
PBANKA_0930300,NO
PBANKA_1337500,NO
PBANKA_1432200,NO
PBANKA_0316600,NO
PBANKA_0414600,NO
PBANKA_0831500,NO
PBANKA_0925400,NO
PBANKA_1357800,NO
PBANKA_0924900,NO
PBANKA_0514100,YES
PBANKA_0704900,YES
PBANKA_1303900,NO
PBANKA_1345800,NO
PBANKA_0514300,NO
PBANKA_1034300,NO
PBANKA_1324400,NO
PBANKA_1360100,NO
PBANKA_1212700,NO
PBANKA_1035400,YES
PBANKA_0506100,YES
PBANKA_0709100,YES
PBANKA_1314900,NO
PBANKA_0307100,NO
PBANKA_0721500,NO
PBANKA_1214900,NO
PBANKA_1040100,NO
PBANKA_1437700,YES
PBANKA_1317200,NO
PBANKA_1354300,NO
PBANKA_1346700,YES
PBANKA_1316300,NO
PBANKA_0401800,NO
PBANKA_1231300,YES
PBANKA_1202200,NO
PBANKA_0830400,NO
PBANKA_1427800,NO
PBANKA_0923000,NO
PBANKA_0714000,YES
PBANKA_1115000,YES
PBANKA_0403000,NO
PBANKA_1243900,NO
PBANKA_0416200,NO
PBANKA_1415700,NO
PBANKA_1018500,NO
PBANKA_1239900,NO
PBANKA_1343200,NO
PBANKA_1205000,NO
PBANKA_1425000,NO
PBANKA_0401100,NO
PBANKA_0705600,NO
PBANKA_0406500,NO
PBANKA_1421500,NO
PBANKA_1359200,NO
PBANKA_0811300,NO
PBANKA_0935500,NO
PBANKA_1118600,NO
PBANKA_0808900,NO
PBANKA_0311000,YES
PBANKA_1309900,NO
PBANKA_0937700,NO
PBANKA_0707300,NO
PBANKA_1132300,YES
PBANKA_0403800,NO
PBANKA_0916200,NO
PBANKA_1022000,NO
PBANKA_0503300,NO
PBANKA_1425100,NO
PBANKA_1406800,NO
PBANKA_1017800,NO
PBANKA_0605600,NO
PBANKA_1223800,NO
PBANKA_1211900,NO
PBANKA_0617200,NO
PBANKA_1009500,NO
PBANKA_1437100,NO
PBANKA_1228300,NO
PBANKA_1356700,NO
PBANKA_0822100,NO
PBANKA_1334900,NO
PBANKA_1120700,NO
PBANKA_0213200,NO
PBANKA_0711800,NO
PBANKA_0613700,NO
PBANKA_0405400,NO
PBANKA_1134100,NO
PBANKA_1220600,NO
PBANKA_1226700,NO
PBANKA_0410600,NO
PBANKA_1246161,NO
PBANKA_1016300,NO
PBANKA_1225000,NO
PBANKA_1103000,NO
PBANKA_0620300,YES
PBANKA_0407100,NO
PBANKA_1138400,NO
PBANKA_0825500,NO
PBANKA_1142300,NO
PBANKA_1129900,NO
PBANKA_1338900,YES
PBANKA_0109200,NO
PBANKA_0807600,NO
PBANKA_0110100,NO
PBANKA_0606200,YES
PBANKA_1417200,NO
PBANKA_1208200,NO
PBANKA_1031900,NO
PBANKA_0518700,NO
PBANKA_1434600,NO
PBANKA_1104600,NO
PBANKA_1302800,NO
PBANKA_1117000,NO
PBANKA_1418300,NO
PBANKA_0205900,NO
PBANKA_1449000,NO
PBANKA_1000600,NO
PBANKA_1230300,NO
PBANKA_1226400,NO
PBANKA_1109700,NO
PBANKA_1335400,NO
PBANKA_1320700,NO
PBANKA_1215800,NO
PBANKA_0303700,NO
PBANKA_0214400,NO
PBANKA_1351900,NO
PBANKA_0906400,NO
PBANKA_1444800,YES
PBANKA_0517600,YES
PBANKA_0819800,NO
PBANKA_1450200,NO
PBANKA_0705800,NO
PBANKA_0515900,NO
PBANKA_0301900,NO
PBANKA_1113400,NO
PBANKA_0836800,YES
PBANKA_1221200,NO
PBANKA_1202000,YES
PBANKA_1321100,NO
PBANKA_0619800,NO
PBANKA_0716000,NO
PBANKA_1216700,NO
PBANKA_0822500,NO
PBANKA_1401000,NO
PBANKA_1326000,NO
PBANKA_1354900,YES
PBANKA_0925300,NO
PBANKA_1205900,NO
PBANKA_1332000,NO
PBANKA_1202500,NO
PBANKA_0613200,NO
PBANKA_0203100,NO
PBANKA_0110500,NO
PBANKA_1415400,YES
PBANKA_1011100,NO
PBANKA_0605700,NO
PBANKA_0205000,NO
PBANKA_0939000,NO
PBANKA_0833600,NO
PBANKA_0414700,NO
PBANKA_0618500,NO
PBANKA_1351300,NO
PBANKA_1107400,NO
PBANKA_1451700,NO
PBANKA_1452300,NO
PBANKA_0615700,NO
PBANKA_1337100,NO
PBANKA_1137800,NO
PBANKA_0100900,NO
PBANKA_0205800,NO
PBANKA_1365300,NO
PBANKA_1205100,YES
PBANKA_1411200,NO
PBANKA_1214700,NO
PBANKA_1241300,NO
PBANKA_0601200,NO
PBANKA_0408400,NO
PBANKA_0207000,NO
PBANKA_0803600,NO
PBANKA_1352500,YES
PBANKA_1201800,NO
PBANKA_1306300,NO
PBANKA_0615800,NO
PBANKA_0509700,NO
PBANKA_1432500,NO
PBANKA_0504800,NO
PBANKA_1122000,NO
PBANKA_1240000,NO
PBANKA_1327300,NO
PBANKA_1011400,NO
PBANKA_0605200,NO
PBANKA_0607400,NO
PBANKA_1017300,NO
PBANKA_0418100,NO
PBANKA_1406200,NO
PBANKA_1126500,NO
PBANKA_0509200,NO
PBANKA_0907100,YES
PBANKA_0511400,NO
PBANKA_1448500,NO
PBANKA_1440600,NO
PBANKA_1335100,NO
PBANKA_1129100,NO
PBANKA_0827500,NO
PBANKA_0302500,NO
PBANKA_0933000,NO
PBANKA_0923400,NO
PBANKA_1008800,NO
PBANKA_1219800,NO
PBANKA_1436200,NO
PBANKA_0105400,NO
PBANKA_0623200,NO
PBANKA_1434800,NO
PBANKA_1134000,NO
PBANKA_1321700,YES
PBANKA_1421700,YES
PBANKA_1201900,NO
PBANKA_1234300,NO
PBANKA_0310900,NO
PBANKA_0406000,NO
PBANKA_1200600,NO
PBANKA_0903600,NO
PBANKA_1140100,NO
PBANKA_1312100,NO
PBANKA_1135000,NO
PBANKA_1143600,NO
PBANKA_1214200,NO
PBANKA_0824300,NO
PBANKA_0304500,NO
PBANKA_0720900,YES
PBANKA_1134400,NO
PBANKA_0402100,NO
PBANKA_0902900,YES
PBANKA_0203200,NO
PBANKA_0520900,NO
PBANKA_0410500,NO
PBANKA_1138900,NO
PBANKA_0604200,NO
PBANKA_0605300,NO
PBANKA_1027300,NO
PBANKA_0941300,NO
PBANKA_0830800,NO
PBANKA_0109100,NO
PBANKA_0401500,NO
PBANKA_0204800,NO
PBANKA_0924800,NO
PBANKA_0916700,YES
PBANKA_0620900,NO
PBANKA_0810600,NO
PBANKA_1108700,NO
PBANKA_1314100,NO
PBANKA_0510800,NO
PBANKA_0307800,NO
PBANKA_0415600,NO
PBANKA_1231500,NO
PBANKA_0416800,NO
PBANKA_1137300,NO
PBANKA_1325600,NO
PBANKA_0313800,NO
PBANKA_1115200,NO
PBANKA_1440700,NO
PBANKA_1347700,NO
PBANKA_0409300,NO
PBANKA_0112200,NO
PBANKA_1454600,NO
PBANKA_1457600,NO
PBANKA_0819300,NO
PBANKA_1439900,NO
PBANKA_1038900,NO
PBANKA_0812900,NO
PBANKA_0918100,NO
PBANKA_1137900,NO
PBANKA_0817400,NO
PBANKA_1009200,NO
PBANKA_1227800,NO
PBANKA_1221600,NO
PBANKA_1364300,YES
PBANKA_1355900,YES
PBANKA_1364700,NO
PBANKA_1460400,NO
PBANKA_0819000,NO
PBANKA_0609700,NO
PBANKA_0915300,NO
PBANKA_0701000,NO
PBANKA_1225500,YES
PBANKA_0104800,NO
PBANKA_1009100,NO
PBANKA_1034900,NO
PBANKA_0712100,NO
PBANKA_1208600,NO
PBANKA_1030200,NO
PBANKA_1246600,NO
PBANKA_0108400,NO
PBANKA_0601900,NO
PBANKA_0307000,NO
PBANKA_1426300,NO
PBANKA_0504000,NO
PBANKA_0609900,NO
PBANKA_1437800,NO
PBANKA_1317900,NO
PBANKA_1136100,NO
PBANKA_0808700,NO
PBANKA_0921800,NO
PBANKA_0813000,NO
PBANKA_0931900,NO
PBANKA_1422400,NO
PBANKA_1360700,NO
PBANKA_0703600,NO
PBANKA_1245800,NO
PBANKA_1452100,YES
PBANKA_0914300,NO
PBANKA_1104700,NO
PBANKA_0912500,NO
PBANKA_0109700,NO
PBANKA_1448000,NO
PBANKA_0204500,NO
PBANKA_1420600,NO
PBANKA_0503600,NO
PBANKA_0109900,NO
PBANKA_0407600,NO
PBANKA_1417300,NO
PBANKA_1014900,NO
PBANKA_1106500,NO
PBANKA_1353100,NO
PBANKA_1117100,NO
PBANKA_0517400,NO
PBANKA_1363800,NO
PBANKA_1112500,NO
PBANKA_1234600,NO
PBANKA_1353700,NO
PBANKA_1420800,NO
PBANKA_0906500,NO
PBANKA_1417900,NO
PBANKA_1010800,NO
PBANKA_1332100,NO
PBANKA_1200800,YES
PBANKA_0108700,NO
PBANKA_1449900,NO
PBANKA_0717200,NO
PBANKA_1026200,NO
PBANKA_0509500,NO
PBANKA_0802000,NO
PBANKA_0833000,NO
PBANKA_0609100,NO
PBANKA_1414500,YES
PBANKA_0106900,NO
PBANKA_1019600,NO
PBANKA_0937800,NO
PBANKA_0802700,NO
PBANKA_0110400,NO
PBANKA_0102200,NO
PBANKA_1036600,NO
PBANKA_1131900,NO
PBANKA_1103400,NO
PBANKA_1316100,NO
PBANKA_1454800,NO
PBANKA_0810700,YES
PBANKA_0912100,NO
PBANKA_1021000,NO
PBANKA_1453100,YES
PBANKA_1360500,NO
PBANKA_0506600,NO
PBANKA_0922300,NO
PBANKA_0915200,NO
PBANKA_0111200,NO
PBANKA_1116400,NO
PBANKA_0910300,NO
PBANKA_0921900,NO
PBANKA_1329600,NO
PBANKA_1318500,YES
PBANKA_0510200,NO
PBANKA_0703700,NO
PBANKA_0502800,NO
PBANKA_1027000,YES
PBANKA_0709400,NO
PBANKA_0100800,NO
PBANKA_0910200,NO
PBANKA_1138200,NO
PBANKA_1320900,YES
PBANKA_0912200,NO
PBANKA_1321000,NO
PBANKA_1453000,NO
PBANKA_1341000,NO
PBANKA_0213400,NO
PBANKA_1309500,NO
PBANKA_0105600,NO
PBANKA_1220200,NO
PBANKA_1206100,NO
PBANKA_0104900,NO
PBANKA_0514500,NO
PBANKA_1131400,NO
PBANKA_1214800,NO
PBANKA_0401700,NO
PBANKA_1449300,YES
PBANKA_1109400,NO
PBANKA_1424600,NO
PBANKA_0912000,NO
PBANKA_1363600,NO
PBANKA_0210200,NO
PBANKA_1325000,NO
PBANKA_1138600,YES
PBANKA_0211900,NO
PBANKA_1429600,NO
PBANKA_1002000,NO
PBANKA_0104600,NO
PBANKA_1118700,NO
PBANKA_1443100,NO
PBANKA_0616900,NO
PBANKA_0417600,YES
PBANKA_1346600,NO
PBANKA_1228500,NO
PBANKA_0206600,NO
PBANKA_1127700,NO
PBANKA_1213300,NO
PBANKA_0712200,YES
PBANKA_0214800,YES
PBANKA_0914600,NO
PBANKA_1231400,NO
PBANKA_1457400,NO
PBANKA_0520200,NO
PBANKA_1234500,NO
PBANKA_1361100,NO
PBANKA_1116700,NO
PBANKA_1123300,NO
PBANKA_1232900,NO
PBANKA_1413900,NO
PBANKA_0201500,NO
PBANKA_1313400,NO
PBANKA_1214000,NO
PBANKA_0619200,NO
PBANKA_0912600,NO
PBANKA_0405300,NO
PBANKA_0305400,NO
PBANKA_0704100,NO
PBANKA_0314500,NO
PBANKA_0906700,NO
PBANKA_1331200,NO
PBANKA_1329100,YES
PBANKA_0210400,NO
PBANKA_1218300,NO
PBANKA_0715600,NO
PBANKA_0922500,NO
PBANKA_0404800,NO
PBANKA_1212000,NO
PBANKA_0815400,YES
PBANKA_1014400,NO
PBANKA_1340500,NO
PBANKA_0720200,NO
PBANKA_1348900,NO
PBANKA_1126400,NO
PBANKA_0807700,NO
PBANKA_1344000,NO
PBANKA_0714200,YES
PBANKA_0203800,NO
PBANKA_1349000,NO
PBANKA_0506200,NO
PBANKA_1130000,NO
PBANKA_1005300,NO
PBANKA_1137200,NO
PBANKA_0934200,NO
PBANKA_1301700,NO
PBANKA_1365200,NO
PBANKA_1020700,NO
PBANKA_0710100,NO
PBANKA_1030300,NO
PBANKA_0524000,NO
PBANKA_0929800,NO
PBANKA_1414400,NO
PBANKA_0715200,NO
PBANKA_1237600,NO
PBANKA_0932200,YES
PBANKA_0934500,NO
PBANKA_1322700,NO
PBANKA_0301300,NO
PBANKA_1010000,NO
PBANKA_0936400,NO
PBANKA_0519100,NO
PBANKA_0803100,NO
PBANKA_1218000,NO
PBANKA_0505100,NO
PBANKA_0910000,NO
PBANKA_1005400,NO
PBANKA_1445400,NO
PBANKA_1028000,NO
PBANKA_0505700,NO
PBANKA_1146000,NO
PBANKA_1039600,NO
PBANKA_1455600,NO
PBANKA_1003800,NO
PBANKA_0604600,NO
PBANKA_0615200,NO
PBANKA_0308300,NO
PBANKA_1222900,NO
PBANKA_0612300,NO
PBANKA_0102800,NO
PBANKA_1036900,NO
PBANKA_1302300,NO
PBANKA_1109300,YES
PBANKA_1415600,NO
PBANKA_1145500,NO
PBANKA_1138700,NO
PBANKA_1210900,NO
PBANKA_0818000,NO
PBANKA_1119000,NO
PBANKA_1309200,NO
PBANKA_1343000,NO
PBANKA_0521400,NO
PBANKA_0306900,YES
PBANKA_0921700,NO
PBANKA_0602800,NO
PBANKA_1235500,NO
PBANKA_1440100,NO
PBANKA_1034100,NO
PBANKA_0414100,NO
PBANKA_1427100,NO
PBANKA_1134500,NO
PBANKA_0813900,NO
PBANKA_0613800,NO
PBANKA_1208700,NO
PBANKA_1233400,NO
PBANKA_1302400,NO
PBANKA_1461400,NO
PBANKA_1412600,NO
PBANKA_1312700,NO
PBANKA_1032700,NO
PBANKA_0820700,NO
PBANKA_1447900,NO
PBANKA_1334000,YES
PBANKA_0101400,NO
PBANKA_0905000,NO
PBANKA_0212100,NO
PBANKA_0517500,NO
PBANKA_MIT01900,NO
PBANKA_1314400,NO
PBANKA_1216600,NO
PBANKA_1015300,NO
PBANKA_0804400,NO
PBANKA_1241800,NO
PBANKA_1464500,NO
PBANKA_0415300,NO
PBANKA_0710500,NO
PBANKA_0821700,NO
PBANKA_1429700,NO
PBANKA_0715000,NO
PBANKA_0415500,NO
PBANKA_1401200,NO
PBANKA_1106100,NO
PBANKA_0709500,NO
PBANKA_0917900,NO
PBANKA_1022800,NO
PBANKA_1242800,YES
PBANKA_1242700,NO
PBANKA_1433100,NO
PBANKA_0212000,NO
PBANKA_1306600,NO
PBANKA_0820800,NO
PBANKA_1127800,NO
PBANKA_1007400,NO
PBANKA_1453200,NO
PBANKA_0316000,NO
PBANKA_0911700,NO
PBANKA_0702000,NO
PBANKA_0804700,NO
PBANKA_1415200,YES
PBANKA_1338100,YES
PBANKA_1120800,NO
PBANKA_1365100,NO
PBANKA_1001400,NO
PBANKA_0504900,NO
PBANKA_1449400,YES
PBANKA_1110500,NO
PBANKA_0820000,NO
PBANKA_1313200,YES
PBANKA_0918300,NO
PBANKA_1358300,NO
PBANKA_0713500,NO
PBANKA_1105000,NO
PBANKA_1000011,NO
PBANKA_0316100,NO
PBANKA_0941100,NO
PBANKA_1324000,NO
PBANKA_1458300,NO
PBANKA_0905600,NO
PBANKA_0716700,NO
PBANKA_1028500,NO
PBANKA_0808000,NO
PBANKA_1351100,NO
PBANKA_1351800,NO
PBANKA_0803700,NO
PBANKA_0214600,NO
PBANKA_0717000,NO
PBANKA_1217600,NO
PBANKA_1120600,NO
PBANKA_1407700,NO
PBANKA_0707400,NO
PBANKA_0803400,NO
PBANKA_0502900,NO
PBANKA_0301000,NO
PBANKA_0939200,NO
PBANKA_1003700,NO
PBANKA_1108300,NO
PBANKA_1035900,NO
PBANKA_0920900,NO
PBANKA_1343300,NO
PBANKA_0502600,NO
PBANKA_1322000,NO
PBANKA_1207200,NO
PBANKA_0805900,NO
PBANKA_1204200,NO
PBANKA_1003400,NO
PBANKA_0928200,NO
PBANKA_1024900,NO
PBANKA_1419100,NO
PBANKA_1364000,NO
PBANKA_1007700,NO
PBANKA_1227100,NO
PBANKA_1202100,NO
PBANKA_0620100,NO
PBANKA_1103100,NO
PBANKA_1108100,NO
PBANKA_1410000,NO
PBANKA_0815900,YES
PBANKA_0602300,NO
PBANKA_0101800,NO
PBANKA_1432800,NO
PBANKA_1422900,YES
PBANKA_1348600,NO
PBANKA_0512800,NO
PBANKA_0708000,NO
PBANKA_1233300,NO
PBANKA_1346300,YES
PBANKA_1430300,YES
PBANKA_1452800,NO
PBANKA_0705700,NO
PBANKA_1206000,NO
PBANKA_1347900,NO
PBANKA_1326600,NO
PBANKA_1240600,YES
PBANKA_0904700,NO
PBANKA_0924000,NO
PBANKA_0315300,NO
PBANKA_1209000,NO
PBANKA_1404900,NO
PBANKA_1450700,NO
PBANKA_1417800,NO
PBANKA_0700600,NO
PBANKA_1103600,NO
PBANKA_1301400,NO
PBANKA_0202000,NO
PBANKA_0937400,NO
PBANKA_1318400,NO
PBANKA_1441700,NO
PBANKA_0916400,NO
PBANKA_1111400,NO
PBANKA_1228200,NO
PBANKA_0111800,NO
PBANKA_1440000,NO
PBANKA_0919300,NO
PBANKA_0720100,NO
PBANKA_1121100,NO
PBANKA_1203700,NO
PBANKA_1220500,NO
PBANKA_1118500,NO
PBANKA_1307300,NO
PBANKA_1012100,NO
PBANKA_0614800,NO
PBANKA_1104300,NO
PBANKA_1201200,NO
PBANKA_0913800,NO
PBANKA_1021700,NO
PBANKA_0942900,NO
PBANKA_1332600,NO
PBANKA_0210000,NO
PBANKA_1114900,NO
PBANKA_0622600,NO
PBANKA_0836200,NO
PBANKA_0516500,NO
PBANKA_1319200,NO
PBANKA_0501100,NO
PBANKA_0302000,NO
PBANKA_1446100,NO
PBANKA_0414000,NO
PBANKA_0712300,NO
PBANKA_0108200,NO
PBANKA_1245900,NO
PBANKA_1130400,NO
PBANKA_0409200,NO
PBANKA_0103900,NO
PBANKA_1032300,NO
PBANKA_0315600,NO
PBANKA_0612800,NO
PBANKA_0809600,NO
PBANKA_1223000,NO
PBANKA_0307400,NO
PBANKA_0310800,NO
PBANKA_0205400,NO
PBANKA_0521261,NO
PBANKA_1319000,YES
PBANKA_1435500,NO
PBANKA_1344100,NO
PBANKA_1451100,NO
PBANKA_1209800,NO
PBANKA_0312400,NO
PBANKA_1130500,NO
PBANKA_0211500,NO
PBANKA_0415400,NO
PBANKA_0909900,NO
PBANKA_1106400,NO
PBANKA_0610800,NO
PBANKA_1305300,NO
PBANKA_1415100,NO
PBANKA_0417300,NO
PBANKA_1455200,NO
PBANKA_0908100,NO
PBANKA_0202500,NO
PBANKA_1035100,NO
PBANKA_0815700,YES
PBANKA_0940900,NO
PBANKA_0607300,NO
PBANKA_1452600,NO
PBANKA_0614500,NO
PBANKA_1018100,YES
PBANKA_1315500,NO
PBANKA_0401600,NO
PBANKA_1347000,NO
PBANKA_1348300,NO
PBANKA_1352100,NO
PBANKA_0304000,NO
PBANKA_0828000,NO
PBANKA_1119700,NO
PBANKA_0718400,NO
PBANKA_1205200,NO
PBANKA_0402900,NO
PBANKA_0924200,NO
PBANKA_1101600,NO
PBANKA_1311800,NO
PBANKA_1418900,YES
PBANKA_0304800,NO
PBANKA_0831900,NO
PBANKA_1009300,NO
PBANKA_1037100,NO
PBANKA_1224700,NO
PBANKA_0303300,NO
PBANKA_1029900,NO
PBANKA_1118200,NO
PBANKA_0612600,NO
PBANKA_0929900,NO
PBANKA_1223100,NO
PBANKA_1417600,NO
PBANKA_0701700,NO
PBANKA_1309400,NO
PBANKA_0615400,NO
PBANKA_0409800,NO
PBANKA_1458800,NO
PBANKA_1341500,NO
PBANKA_0914100,NO
PBANKA_0931500,YES
PBANKA_1213600,NO
PBANKA_1037300,NO
PBANKA_1443900,NO
PBANKA_0621500,NO
PBANKA_1234000,NO
PBANKA_1207000,NO
PBANKA_1238200,NO
PBANKA_1220800,NO
PBANKA_1456200,NO
PBANKA_1242500,NO
PBANKA_0821500,NO
PBANKA_0930700,NO
PBANKA_1023000,NO
PBANKA_1036300,NO
PBANKA_1332700,NO
PBANKA_1024000,NO
PBANKA_0825300,NO
PBANKA_0621600,NO
PBANKA_1415000,NO
PBANKA_1356300,NO
PBANKA_0833100,NO
PBANKA_0929600,NO
PBANKA_1101400,NO
PBANKA_1403500,NO
PBANKA_1330300,NO
PBANKA_0834900,NO
PBANKA_1352300,NO
PBANKA_0812600,NO
PBANKA_0109800,NO
PBANKA_1121800,NO
PBANKA_1134300,NO
PBANKA_1402500,NO
PBANKA_0808200,NO
PBANKA_0700700,NO
PBANKA_0524200,NO
PBANKA_1438100,NO
PBANKA_1309700,NO
PBANKA_1334700,YES
PBANKA_1361600,NO
PBANKA_0706700,YES
PBANKA_0801700,NO
PBANKA_1303000,NO
PBANKA_1002800,NO
PBANKA_1222600,NO
PBANKA_1126200,NO
PBANKA_0502650,NO
PBANKA_1244200,NO
PBANKA_1118400,NO
PBANKA_1438000,NO
PBANKA_1114000,NO
PBANKA_1036400,NO
PBANKA_0941600,NO
PBANKA_1408200,NO
PBANKA_0832600,NO
PBANKA_1312200,NO
PBANKA_0802900,YES
PBANKA_1245300,NO
PBANKA_0713100,NO
PBANKA_1013500,NO
PBANKA_0831200,NO
PBANKA_0834400,NO
PBANKA_0314300,NO
PBANKA_0806100,NO
PBANKA_1433300,NO
PBANKA_0418200,YES
PBANKA_0313300,NO
PBANKA_0831100,NO
PBANKA_1211500,NO
PBANKA_0712800,NO
PBANKA_0502200,NO
PBANKA_0207600,NO
PBANKA_1145400,NO
PBANKA_1352700,NO
PBANKA_0601100,NO
PBANKA_1144700,NO
PBANKA_0311200,NO
PBANKA_1233600,YES
PBANKA_1306200,NO
PBANKA_1001600,NO
PBANKA_1417500,NO
PBANKA_1312800,NO
PBANKA_0925000,NO
PBANKA_1110200,YES
PBANKA_1217700,NO
PBANKA_0902300,NO
PBANKA_0720300,NO
PBANKA_0308500,NO
PBANKA_1113900,NO
PBANKA_0924300,NO
PBANKA_1219500,NO
PBANKA_0502000,NO
PBANKA_1103500,NO
PBANKA_1445700,NO
PBANKA_0401000,NO
PBANKA_MIT01800,NO
PBANKA_0703100,NO
PBANKA_1245200,YES
PBANKA_1101800,NO
PBANKA_1116500,NO
PBANKA_1443400,NO
PBANKA_1448800,NO
PBANKA_0207500,NO
PBANKA_0919900,NO
PBANKA_1243400,NO
PBANKA_1349600,NO
PBANKA_0824900,NO
PBANKA_0519400,NO
PBANKA_0511200,NO
PBANKA_0208700,NO
PBANKA_1235900,NO
PBANKA_0612200,NO
PBANKA_1426400,NO
PBANKA_1340400,NO
PBANKA_1216900,YES
PBANKA_1211000,NO
PBANKA_1307800,NO
PBANKA_1144000,NO
PBANKA_0912700,NO
PBANKA_1400400,NO
PBANKA_1454100,NO
PBANKA_1027100,NO
PBANKA_0102600,NO
PBANKA_0721700,NO
PBANKA_0413500,NO
PBANKA_0918800,NO
PBANKA_1238900,NO
PBANKA_1323800,YES
PBANKA_0310000,YES
PBANKA_1438200,NO
PBANKA_1012500,NO
PBANKA_0815100,NO
PBANKA_0834300,NO
PBANKA_0414400,NO
PBANKA_0903900,NO
PBANKA_1118000,NO
PBANKA_0719400,NO
PBANKA_1032100,NO
PBANKA_0909200,NO
PBANKA_0604100,NO
PBANKA_0610200,NO
PBANKA_1104100,YES
PBANKA_1317500,NO
PBANKA_0803500,NO
PBANKA_0925500,NO
PBANKA_0718900,NO
PBANKA_0817200,NO
PBANKA_1405200,NO
PBANKA_0602000,NO
PBANKA_0700761,NO
PBANKA_0938600,NO
PBANKA_0920600,NO
PBANKA_0703300,YES
PBANKA_0619900,NO
PBANKA_0910700,NO
PBANKA_1120100,NO
PBANKA_0623000,NO
PBANKA_1216800,NO
PBANKA_1145100,NO
PBANKA_1209400,NO
PBANKA_1443700,NO
PBANKA_1239800,NO
PBANKA_1302200,NO
PBANKA_1443000,NO
PBANKA_0311400,YES
PBANKA_1105100,NO
PBANKA_0600351,NO
PBANKA_0314200,NO
PBANKA_0500700,NO
PBANKA_0927000,NO
PBANKA_1308200,YES
PBANKA_1411800,NO
PBANKA_1233100,NO
PBANKA_0102900,NO
PBANKA_0101500,NO
PBANKA_0416300,NO
PBANKA_1432400,NO
PBANKA_1011200,NO
PBANKA_0711200,NO
PBANKA_0911400,NO
PBANKA_1307000,NO
PBANKA_1459400,NO
PBANKA_1334100,NO
PBANKA_1114600,NO
PBANKA_1218900,NO
PBANKA_0208900,NO
PBANKA_1120000,NO
PBANKA_1203400,NO
PBANKA_0213500,NO
PBANKA_1351200,NO
PBANKA_0603300,YES
PBANKA_1008700,NO
PBANKA_1428100,NO
PBANKA_1035600,NO
PBANKA_0616800,NO
PBANKA_0411950,NO
PBANKA_1303300,NO
PBANKA_1315700,NO
PBANKA_1434100,NO
PBANKA_1231100,NO
PBANKA_0509100,NO
PBANKA_1463100,NO
PBANKA_1351000,NO
PBANKA_1133700,NO
PBANKA_1402000,NO
PBANKA_1349900,NO
PBANKA_1455300,NO
PBANKA_1020300,NO
PBANKA_1461800,NO
PBANKA_1224900,NO
PBANKA_1027800,NO
PBANKA_0830000,NO
PBANKA_0930100,NO
PBANKA_1229900,YES
PBANKA_1441900,NO
PBANKA_0919000,NO
PBANKA_1450300,NO
PBANKA_1307500,NO
PBANKA_1018700,NO
PBANKA_1444700,NO
PBANKA_0212700,NO
PBANKA_1128200,NO
PBANKA_1212300,NO
PBANKA_1342300,NO
PBANKA_0905800,NO
PBANKA_0925900,NO
PBANKA_1435300,NO
PBANKA_1240100,YES
PBANKA_1010200,NO
PBANKA_1325300,NO
PBANKA_1115500,NO
PBANKA_1423700,YES
PBANKA_0913000,NO
PBANKA_0800900,NO
PBANKA_1023600,NO
PBANKA_1135600,NO
PBANKA_1408900,NO
PBANKA_0107400,NO
PBANKA_1308900,NO
PBANKA_0715900,NO
PBANKA_1139100,NO
PBANKA_1223500,NO
PBANKA_1442500,NO
PBANKA_1445900,NO
PBANKA_1115700,NO
PBANKA_1439300,NO
PBANKA_1314700,NO
PBANKA_1405600,NO
PBANKA_0717900,YES
PBANKA_1402600,NO
PBANKA_1358700,NO
PBANKA_1365400,NO
PBANKA_1234900,NO
PBANKA_0832900,NO
PBANKA_1022100,NO
PBANKA_1329800,NO
PBANKA_0813300,YES
PBANKA_1348800,NO
PBANKA_0214000,NO
PBANKA_0901800,NO
PBANKA_1204900,NO
PBANKA_0937100,NO
PBANKA_0208100,NO
PBANKA_1449500,NO
PBANKA_0417900,NO
PBANKA_0819700,NO
PBANKA_0721100,NO
PBANKA_0940100,NO
PBANKA_1010600,NO
PBANKA_1350600,NO
PBANKA_0937500,NO
PBANKA_1444000,NO
PBANKA_0913900,NO
PBANKA_1410400,NO
PBANKA_1009600,NO
PBANKA_1330200,NO
PBANKA_1427200,NO
PBANKA_0315400,NO
PBANKA_0835500,NO
PBANKA_1457500,NO
PBANKA_1143000,NO
PBANKA_0916100,NO
PBANKA_1323400,NO
PBANKA_1336400,NO
PBANKA_1129400,NO
PBANKA_1452200,NO
PBANKA_1223300,YES
PBANKA_0411600,NO
PBANKA_1458000,YES
PBANKA_1463800,NO
PBANKA_0908200,NO
PBANKA_0800700,NO
PBANKA_1301300,NO
PBANKA_0705100,NO
PBANKA_1128600,NO
PBANKA_1463700,NO
PBANKA_1332800,NO
PBANKA_0928300,NO
PBANKA_0713700,NO
PBANKA_0601700,NO
PBANKA_1024300,NO
PBANKA_0712000,YES
PBANKA_1444200,YES
PBANKA_1362900,NO
PBANKA_1024100,NO
PBANKA_1335900,NO
PBANKA_0905200,NO
PBANKA_0816300,NO
PBANKA_1344600,NO
PBANKA_1245100,NO
PBANKA_1026900,NO
PBANKA_1420900,NO
PBANKA_0410800,NO
PBANKA_1427300,NO
PBANKA_0824700,NO
PBANKA_1414000,NO
PBANKA_1130800,NO
PBANKA_0928700,NO
PBANKA_1317100,NO
PBANKA_1016500,NO
PBANKA_0823200,YES
PBANKA_1012800,NO
PBANKA_0706400,NO
PBANKA_1220100,NO
PBANKA_0722600,YES
PBANKA_0408600,NO
PBANKA_0402800,NO
PBANKA_0919200,NO
PBANKA_1437000,NO
PBANKA_0300700,NO
PBANKA_1112200,NO
PBANKA_1462000,NO
PBANKA_0836000,NO
PBANKA_0401200,NO
PBANKA_1143300,NO
PBANKA_1460700,NO
PBANKA_1219100,YES
PBANKA_1405400,NO
PBANKA_0922000,NO
PBANKA_0510100,NO
PBANKA_0829500,NO
PBANKA_1015400,YES
PBANKA_0110000,NO
PBANKA_0214300,NO
PBANKA_1145200,NO
PBANKA_0407400,NO
PBANKA_0825600,NO
PBANKA_1448400,NO
PBANKA_1131600,NO
PBANKA_1337800,NO
PBANKA_1026600,NO
PBANKA_1110700,NO
PBANKA_0622800,NO
PBANKA_1310000,NO
PBANKA_1440500,NO
PBANKA_0309100,NO
PBANKA_1301800,NO
PBANKA_0818600,NO
PBANKA_0211400,NO
PBANKA_0611800,NO
PBANKA_1355200,NO
PBANKA_1023400,NO
PBANKA_1031300,NO
PBANKA_0819100,YES
PBANKA_0106700,NO
PBANKA_1444900,NO
PBANKA_0417700,NO
PBANKA_1028300,NO
PBANKA_0506000,NO
PBANKA_1018400,NO
PBANKA_0209500,NO
PBANKA_1225300,YES
PBANKA_1328400,NO
PBANKA_0921400,NO
PBANKA_1226500,NO
PBANKA_1222800,NO
PBANKA_1107100,NO
PBANKA_0942000,NO
PBANKA_0314900,YES
PBANKA_1000300,NO
PBANKA_0316300,NO
PBANKA_0403700,NO
PBANKA_1235400,NO
PBANKA_1423800,NO
PBANKA_1327000,NO
PBANKA_0623500,NO
PBANKA_0902500,NO
PBANKA_1361300,NO
PBANKA_1326300,NO
PBANKA_1451600,NO
PBANKA_1421100,NO
PBANKA_0206800,NO
PBANKA_1316400,NO
PBANKA_1139900,NO
PBANKA_1462200,NO
PBANKA_1126000,NO
PBANKA_1140200,NO
PBANKA_1457200,NO
PBANKA_1229600,NO
PBANKA_0821100,NO
PBANKA_0404500,NO
PBANKA_1222300,NO
PBANKA_1227400,NO
PBANKA_1413400,NO
PBANKA_0512400,NO
PBANKA_1031100,NO
PBANKA_0926600,NO
PBANKA_0917700,NO
PBANKA_0700721,NO
PBANKA_0306000,NO
PBANKA_0402500,YES
PBANKA_0505400,NO
PBANKA_0812800,NO
PBANKA_0622100,NO
PBANKA_1029400,NO
PBANKA_0107100,NO
PBANKA_1430900,NO
PBANKA_1364400,NO
PBANKA_1136900,NO
PBANKA_1314200,NO
PBANKA_0804900,NO
PBANKA_0928500,NO
PBANKA_1033400,YES
PBANKA_0900900,NO
PBANKA_1237900,NO
PBANKA_0706800,NO
PBANKA_0106500,NO
PBANKA_1121900,YES
PBANKA_0926500,NO
PBANKA_1117400,NO
PBANKA_0411700,NO
PBANKA_1301600,NO
PBANKA_0410300,NO
PBANKA_1017100,NO
PBANKA_0932600,YES
PBANKA_0826500,NO
PBANKA_1026500,NO
PBANKA_1355500,NO
PBANKA_1115900,NO
PBANKA_0815300,NO
PBANKA_1445500,NO
PBANKA_1016200,NO
PBANKA_1112400,NO
PBANKA_0404700,NO
PBANKA_1426100,NO
PBANKA_1349100,NO
PBANKA_0510300,NO
PBANKA_0517200,NO
PBANKA_0810900,NO
PBANKA_0301100,NO
PBANKA_0614400,NO
PBANKA_1039300,NO
PBANKA_0824400,NO
PBANKA_1435400,NO
PBANKA_0807200,NO
PBANKA_0602400,NO
PBANKA_1012300,NO
PBANKA_0817900,NO
PBANKA_1401600,NO
PBANKA_1143400,YES
PBANKA_1434200,NO
PBANKA_0100400,NO
PBANKA_0708800,NO
PBANKA_1337400,NO
PBANKA_0505800,NO
PBANKA_1128800,NO
PBANKA_0521000,NO
PBANKA_0920500,NO
PBANKA_0704700,NO
PBANKA_0312100,YES
PBANKA_0608400,NO
PBANKA_0416600,NO
PBANKA_1331300,NO
PBANKA_0519200,NO
PBANKA_1124300,NO
PBANKA_0920800,NO
PBANKA_0611100,NO
PBANKA_1362100,NO
PBANKA_0404600,NO
PBANKA_0903000,YES
PBANKA_1025300,NO
PBANKA_1242000,NO
PBANKA_1339700,NO
PBANKA_0720800,NO
PBANKA_0821600,NO
PBANKA_1317300,NO
PBANKA_1313700,NO
PBANKA_0209300,NO
PBANKA_1320400,NO
PBANKA_1300096,NO
PBANKA_1450500,NO
PBANKA_0828400,NO
PBANKA_1345400,NO
PBANKA_1227900,NO
PBANKA_1441300,NO
PBANKA_1310500,NO
PBANKA_1124200,NO
PBANKA_1035200,NO
PBANKA_0516700,NO
PBANKA_1407800,NO
PBANKA_1210700,NO
PBANKA_0927800,NO
PBANKA_1345500,NO
PBANKA_0812700,NO
PBANKA_1303700,NO
PBANKA_0408000,NO
PBANKA_0618800,NO
PBANKA_1423200,NO
PBANKA_1113500,NO
PBANKA_0924500,NO
PBANKA_1432900,NO
PBANKA_0505300,NO
PBANKA_0105200,NO
PBANKA_0305500,NO
PBANKA_0808300,NO
PBANKA_1327251,NO
PBANKA_1311600,NO
PBANKA_0701200,NO
PBANKA_1112300,NO
PBANKA_1422700,NO
PBANKA_MIT01100,NO
PBANKA_0812200,NO
PBANKA_0702400,NO
PBANKA_0414500,NO
PBANKA_0924700,NO
PBANKA_1338700,NO
PBANKA_1121000,NO
PBANKA_1322300,NO
PBANKA_1221000,NO
PBANKA_0512500,NO
PBANKA_1442400,NO
PBANKA_1241500,NO
PBANKA_1429200,NO
PBANKA_0709600,NO
PBANKA_0805100,NO
PBANKA_0521600,NO
PBANKA_0823300,NO
PBANKA_0410200,NO
PBANKA_0939500,YES
PBANKA_1022700,NO
PBANKA_0104400,NO
PBANKA_1217500,NO
PBANKA_0511700,YES
PBANKA_0827100,NO
PBANKA_1449200,NO
PBANKA_0314600,NO
PBANKA_1006900,NO
PBANKA_0938900,NO
PBANKA_0406100,NO
PBANKA_0613000,NO
PBANKA_1009900,NO
PBANKA_0823500,NO
PBANKA_1458900,NO
PBANKA_1006700,NO
PBANKA_1456400,NO
PBANKA_1239600,NO
PBANKA_0613900,NO
PBANKA_0501300,NO
PBANKA_1239700,NO
PBANKA_0409100,NO
PBANKA_0306200,NO
PBANKA_0310500,NO
PBANKA_1458700,NO
PBANKA_1356100,YES
PBANKA_1315600,NO
PBANKA_0921600,NO
PBANKA_1446900,NO
PBANKA_1346400,NO
PBANKA_1007900,NO
PBANKA_0202900,NO
PBANKA_1357600,NO
PBANKA_0100200,NO
PBANKA_1350700,NO
PBANKA_0901100,NO
PBANKA_0809000,NO
PBANKA_1301500,NO
PBANKA_0207200,NO
PBANKA_0922900,NO
PBANKA_0603800,NO
PBANKA_1400091,NO
PBANKA_0312500,NO
PBANKA_0314700,NO
PBANKA_1211600,NO
PBANKA_1012900,NO
PBANKA_1211200,NO
PBANKA_0938800,NO
PBANKA_0804600,NO
PBANKA_1320100,NO
PBANKA_0802100,NO
PBANKA_1104900,NO
PBANKA_1339400,NO
PBANKA_0904200,NO
PBANKA_1463500,NO
PBANKA_0806400,NO
PBANKA_1032900,NO
PBANKA_1302600,NO
PBANKA_1218500,NO
PBANKA_0916000,NO
PBANKA_0408500,NO
PBANKA_0919600,NO
PBANKA_0412800,NO
PBANKA_1110100,NO
PBANKA_1425600,NO
PBANKA_1432100,NO
PBANKA_1343400,NO
PBANKA_0310700,YES
PBANKA_1417100,NO
PBANKA_0110800,NO
PBANKA_0100500,NO
PBANKA_0315100,NO
PBANKA_0216761,NO
PBANKA_1221800,NO
PBANKA_1106800,NO
PBANKA_1419600,NO
PBANKA_1431400,NO
PBANKA_1124800,NO
PBANKA_1414100,NO
PBANKA_0704600,NO
PBANKA_0203600,YES
PBANKA_0515400,NO
PBANKA_0904100,NO
PBANKA_0940700,NO
PBANKA_1020400,NO
PBANKA_0924100,NO
PBANKA_0818500,NO
PBANKA_0835300,NO
PBANKA_1301100,NO
PBANKA_1135900,NO
PBANKA_1425900,NO
PBANKA_0616700,NO
PBANKA_1455100,NO
PBANKA_1301000,NO
PBANKA_0520600,NO
PBANKA_0822800,NO
PBANKA_1105700,NO
PBANKA_1117700,YES
PBANKA_0827300,NO
PBANKA_0813500,NO
PBANKA_0200600,YES
PBANKA_1330900,NO
PBANKA_0804500,NO
PBANKA_1226800,NO
PBANKA_1137400,YES
PBANKA_1454000,NO
PBANKA_1341100,NO
PBANKA_1224000,NO
PBANKA_1306900,NO
PBANKA_0923500,NO
PBANKA_0936700,NO
PBANKA_1442100,NO
PBANKA_0916600,NO
PBANKA_1329900,YES
PBANKA_1412400,NO
PBANKA_1031000,NO
PBANKA_1414200,NO
PBANKA_0512600,NO
PBANKA_1227700,NO
PBANKA_0805000,NO
PBANKA_1211100,NO
PBANKA_1416400,NO
PBANKA_1038800,YES
PBANKA_0829100,NO
PBANKA_1131700,NO
PBANKA_1103800,NO
PBANKA_1011800,NO
PBANKA_0914700,NO
PBANKA_0810500,NO
PBANKA_1458100,NO
PBANKA_1344300,NO
PBANKA_1304300,NO
PBANKA_1107300,NO
PBANKA_0817000,NO
PBANKA_0506400,NO
PBANKA_0716500,NO
PBANKA_1335000,NO
PBANKA_1328000,NO
PBANKA_0702500,NO
PBANKA_0811100,NO
PBANKA_0832500,NO
PBANKA_1420000,NO
PBANKA_1214400,YES
PBANKA_0417800,NO
PBANKA_0101700,NO
PBANKA_1032600,NO
PBANKA_1245400,NO
PBANKA_0509300,NO
PBANKA_1416900,NO
PBANKA_0907300,NO
PBANKA_1401900,NO
PBANKA_0519800,NO
PBANKA_1210100,NO
PBANKA_1129800,NO
PBANKA_0930900,NO
PBANKA_1433000,NO
PBANKA_1233500,NO
PBANKA_1142900,NO
PBANKA_1005100,NO
PBANKA_1329400,YES
PBANKA_0201340,NO
PBANKA_1309000,NO
PBANKA_0833500,NO
PBANKA_0940200,NO
PBANKA_0607800,NO
PBANKA_0709900,NO
PBANKA_0615100,NO
PBANKA_1315100,NO
PBANKA_1219000,NO
PBANKA_0313400,NO
PBANKA_0112000,NO
PBANKA_0613300,NO
PBANKA_0518800,NO
PBANKA_1328800,NO
PBANKA_0315800,YES
PBANKA_1005700,NO
PBANKA_1439600,NO
PBANKA_1312900,NO
PBANKA_1428000,NO
PBANKA_1238500,NO
PBANKA_1025200,YES
PBANKA_1113300,NO
PBANKA_1222700,NO
PBANKA_1356400,NO
PBANKA_1455800,NO
PBANKA_1006100,NO
PBANKA_0718800,NO
PBANKA_0516200,NO
PBANKA_1339000,NO
PBANKA_0107900,NO
PBANKA_1141100,NO
PBANKA_1006600,NO
PBANKA_0214200,NO
PBANKA_1303500,NO
PBANKA_1021500,NO
PBANKA_0404200,YES
PBANKA_1144100,NO
PBANKA_0923300,NO
PBANKA_1107200,NO
PBANKA_0943200,NO
PBANKA_0827200,NO
PBANKA_0826000,YES
PBANKA_0834700,YES
PBANKA_1325500,NO
PBANKA_1145600,NO
PBANKA_1344800,NO
PBANKA_1333300,NO
PBANKA_1029000,NO
PBANKA_0315900,NO
PBANKA_1211700,NO
PBANKA_1028700,YES
PBANKA_0516600,NO
PBANKA_1448900,NO
PBANKA_1203800,NO
PBANKA_0106200,NO
PBANKA_1015800,NO
PBANKA_1418100,NO
PBANKA_1314500,NO
PBANKA_0825900,YES
PBANKA_1431100,NO
PBANKA_0713300,NO
PBANKA_0619300,NO
PBANKA_0908800,NO
PBANKA_1337000,NO
PBANKA_1002100,YES
PBANKA_0923200,NO
PBANKA_1107700,NO
PBANKA_0610000,NO
PBANKA_1327021,NO
PBANKA_0112500,NO
PBANKA_0813400,NO
PBANKA_0506700,NO
PBANKA_1121200,NO
PBANKA_0100600,NO
PBANKA_1004300,NO
PBANKA_1037600,NO
PBANKA_0107500,NO
PBANKA_1102100,NO
PBANKA_1414600,NO
PBANKA_1131500,NO
PBANKA_0312300,NO
PBANKA_1227200,NO
PBANKA_1222100,NO
PBANKA_0814900,NO
PBANKA_0513400,NO
PBANKA_1328100,NO
PBANKA_1460800,NO
PBANKA_0112400,NO
PBANKA_0935900,NO
PBANKA_0608900,NO
PBANKA_0620400,YES
PBANKA_0933300,NO
PBANKA_1311700,NO
PBANKA_1114100,NO
PBANKA_1235000,NO
PBANKA_1337600,NO
PBANKA_1243500,NO
PBANKA_1036500,NO
PBANKA_0617900,NO
PBANKA_0622000,NO
PBANKA_1010900,NO
PBANKA_1008600,NO
PBANKA_1352600,NO
PBANKA_1211300,NO
PBANKA_0806300,NO
PBANKA_1144400,NO
PBANKA_1438500,NO
PBANKA_1140400,NO
PBANKA_0621200,NO
PBANKA_0827400,YES
PBANKA_0913700,NO
PBANKA_1442600,NO
PBANKA_1444500,NO
PBANKA_0302400,NO
PBANKA_0707600,NO
PBANKA_1127900,NO
PBANKA_0809100,NO
PBANKA_0906200,YES
PBANKA_1457300,YES
PBANKA_0935300,NO
PBANKA_1336300,NO
PBANKA_0801900,NO
PBANKA_0910100,NO
PBANKA_0925100,NO
PBANKA_0202700,NO
PBANKA_0108600,NO
PBANKA_1431900,NO
PBANKA_1136700,NO
PBANKA_1360400,YES
PBANKA_0523700,NO
PBANKA_1219900,NO
PBANKA_0209400,NO
PBANKA_1359700,NO
PBANKA_0815200,NO
PBANKA_0610300,NO
PBANKA_1130200,NO
PBANKA_1342100,NO
PBANKA_1351700,NO
PBANKA_1340300,NO
PBANKA_1140500,NO
PBANKA_1038200,NO
PBANKA_1135400,NO
PBANKA_1409600,NO
PBANKA_0508600,NO
PBANKA_1328300,NO
PBANKA_1124500,NO
PBANKA_1333800,NO
PBANKA_1017900,NO
PBANKA_0703200,NO
PBANKA_1219200,NO
PBANKA_1307700,NO
PBANKA_1358600,NO
PBANKA_1132000,NO
PBANKA_1241900,NO
PBANKA_0505600,NO
PBANKA_0207700,NO
PBANKA_0409700,YES
PBANKA_1429400,NO
PBANKA_0916800,NO
PBANKA_1348200,NO
PBANKA_0301500,NO
PBANKA_1100860,NO
PBANKA_0800300,NO
PBANKA_0924400,NO
PBANKA_1439400,NO
PBANKA_0817700,NO
PBANKA_1027900,NO
PBANKA_1022500,NO
PBANKA_0522000,NO
PBANKA_0801400,NO
PBANKA_0502100,NO
PBANKA_1236300,NO
PBANKA_0610600,NO
PBANKA_0819200,NO
PBANKA_1430700,YES
PBANKA_0206300,NO
PBANKA_0719800,NO
PBANKA_1326100,NO
PBANKA_0920100,NO
PBANKA_1018000,NO
PBANKA_1125700,NO
PBANKA_0406800,NO
PBANKA_1007200,NO
PBANKA_1217000,NO
PBANKA_1231200,NO
PBANKA_1441500,NO
PBANKA_1109600,NO
PBANKA_1102300,NO
PBANKA_1036100,NO
PBANKA_0815500,NO
PBANKA_0942600,NO
PBANKA_1348700,NO
PBANKA_1443600,NO
PBANKA_1432000,NO
PBANKA_1334400,NO
PBANKA_0418300,NO
PBANKA_1350300,NO
PBANKA_0316841,NO
PBANKA_0943500,NO
PBANKA_0719300,NO
PBANKA_0917800,NO
PBANKA_1316700,NO
PBANKA_0601500,NO
PBANKA_1345600,NO
PBANKA_1217800,NO
PBANKA_0313100,NO
PBANKA_0934300,NO
PBANKA_1409900,NO
PBANKA_1362600,NO
PBANKA_1443200,NO
PBANKA_1306000,NO
PBANKA_0718100,NO
PBANKA_0413200,NO
PBANKA_1240300,NO
PBANKA_0826800,NO
PBANKA_1313100,NO
PBANKA_1236800,NO
PBANKA_0703400,NO
PBANKA_0914500,NO
PBANKA_1440800,NO
PBANKA_1132400,NO
PBANKA_1314000,NO
PBANKA_1202800,NO
PBANKA_1204100,NO
PBANKA_1239100,NO
PBANKA_1210300,NO
PBANKA_1203300,NO
PBANKA_1017600,NO
PBANKA_1038300,NO
PBANKA_0213600,NO
PBANKA_0806900,NO
PBANKA_1442000,NO
PBANKA_1450400,NO
PBANKA_0404300,NO
PBANKA_0212900,NO
PBANKA_1242200,NO
PBANKA_1245500,NO
PBANKA_0923700,NO
PBANKA_1236400,NO
PBANKA_0109500,NO
PBANKA_0828100,NO
PBANKA_1464900,NO
PBANKA_1207900,NO
PBANKA_1230600,NO
PBANKA_0610500,NO
PBANKA_1127500,NO
PBANKA_0816000,NO
PBANKA_1215900,NO
PBANKA_0104700,NO
PBANKA_0612100,NO
PBANKA_1103200,NO
PBANKA_1462900,NO
PBANKA_1216100,NO
PBANKA_1419000,NO
PBANKA_1015000,NO
PBANKA_1414900,NO
PBANKA_0411100,NO
PBANKA_0822900,NO
PBANKA_1430100,NO
PBANKA_1107900,NO
PBANKA_0212400,NO
PBANKA_0213000,NO
PBANKA_1339200,NO
PBANKA_0802400,NO
PBANKA_1421900,NO
PBANKA_1452000,NO
PBANKA_1008100,NO
PBANKA_0821200,YES
PBANKA_0304100,NO
PBANKA_0821800,NO
PBANKA_1219600,NO
PBANKA_1465100,YES
PBANKA_0603700,NO
PBANKA_0802200,NO
PBANKA_MIT02700:rRNA,NO
PBANKA_0833200,NO
PBANKA_1333900,NO
PBANKA_0940600,NO
PBANKA_1409200,NO
PBANKA_0401400,NO
PBANKA_1464700,NO
PBANKA_0313900,NO
PBANKA_1458400,NO
PBANKA_0409600,NO
PBANKA_0722941,NO
PBANKA_1004000,NO
PBANKA_0907700,NO
PBANKA_0623450,NO
PBANKA_1222400,NO
PBANKA_0417000,NO
PBANKA_1425500,NO
PBANKA_1446600,NO
PBANKA_1114400,NO
PBANKA_0203500,NO
PBANKA_1457800,NO
PBANKA_1441200,NO
PBANKA_0931600,NO
PBANKA_1002600,YES
PBANKA_0615000,NO
PBANKA_1338400,NO
PBANKA_0901400,NO
PBANKA_0415700,YES
PBANKA_0306100,NO
PBANKA_1228700,NO
PBANKA_0923600,NO
PBANKA_1225800,NO
PBANKA_1114200,NO
PBANKA_1313000,NO
PBANKA_1007600,NO
PBANKA_1341200,NO
PBANKA_1039500,NO
PBANKA_1322800,NO
PBANKA_1213900,NO
PBANKA_1039700,NO
PBANKA_0600500,NO
PBANKA_0930500,NO
PBANKA_1212900,NO
PBANKA_0211100,NO
PBANKA_0913200,YES
PBANKA_1023300,NO
PBANKA_1110800,NO
PBANKA_0524400,NO
PBANKA_1435200,NO
PBANKA_1227000,NO
PBANKA_1464600,NO
PBANKA_0308900,NO
PBANKA_0608300,NO
PBANKA_1347200,NO
PBANKA_1352800,NO
PBANKA_1453400,NO
PBANKA_0827600,NO
PBANKA_0911800,NO
PBANKA_0602500,NO
PBANKA_1006800,NO
PBANKA_1431700,NO
PBANKA_0508900,NO
PBANKA_1419800,NO
PBANKA_0411300,NO
PBANKA_1000500,NO
PBANKA_0715500,NO
PBANKA_0515300,NO
PBANKA_1116100,NO
PBANKA_0801500,NO
PBANKA_1236600,NO
PBANKA_1441400,NO
PBANKA_1405800,NO
PBANKA_0507000,NO
PBANKA_1040000,NO
PBANKA_0812000,NO
PBANKA_1426700,NO
PBANKA_1242600,YES
PBANKA_1242400,YES
PBANKA_0305200,NO
PBANKA_1455400,NO
PBANKA_1206700,NO
PBANKA_0302300,NO
PBANKA_0709000,YES
PBANKA_1302000,NO
PBANKA_1437200,NO
PBANKA_1004900,NO
PBANKA_1024800,NO
PBANKA_1100900,YES
PBANKA_0606900,NO
PBANKA_0520300,NO
PBANKA_0103100,NO
PBANKA_1015500,NO
PBANKA_1226300,NO
PBANKA_1143800,YES
PBANKA_0932800,NO
PBANKA_0720700,NO
PBANKA_1363500,NO
PBANKA_0717400,NO
PBANKA_1129000,YES
PBANKA_0617600,NO
PBANKA_1020100,NO
PBANKA_1446300,NO
PBANKA_0831300,NO
PBANKA_1008000,NO
PBANKA_0214550,NO
PBANKA_1234400,NO
PBANKA_1131100,NO
PBANKA_0409500,NO
PBANKA_0927700,NO
PBANKA_1405100,NO
PBANKA_1415800,NO
PBANKA_1316900,NO
PBANKA_1023200,NO
PBANKA_1421200,NO
PBANKA_0719100,NO
PBANKA_1022300,NO
PBANKA_1409300,NO
PBANKA_1131000,NO
PBANKA_1209900,NO
PBANKA_1014300,NO
PBANKA_1034700,YES
PBANKA_1102900,NO
PBANKA_0905700,NO
PBANKA_0937300,NO
PBANKA_0813800,NO
PBANKA_0517800,NO
PBANKA_0312200,NO
PBANKA_1106000,YES
PBANKA_0211200,NO
PBANKA_0417400,NO
PBANKA_0709200,NO
PBANKA_0502300,NO
PBANKA_0823600,NO
PBANKA_1311000,NO
PBANKA_1300800,NO
PBANKA_0501500,NO
PBANKA_0408700,NO
PBANKA_0917300,NO
PBANKA_0908900,NO
PBANKA_0311700,NO
PBANKA_0512000,YES
PBANKA_1436500,NO
PBANKA_0506800,NO
PBANKA_1140600,NO
PBANKA_0822700,NO
PBANKA_0605400,NO
PBANKA_1225700,NO
PBANKA_1225100,NO
PBANKA_0618100,NO
PBANKA_1007000,NO
PBANKA_0908000,NO
PBANKA_0211600,NO
PBANKA_1025900,NO
PBANKA_0509900,NO
PBANKA_0919700,NO
PBANKA_1245861,NO
PBANKA_1240200,NO
PBANKA_1014800,NO
PBANKA_0803000,NO
PBANKA_1462800,NO
PBANKA_1406300,NO
PBANKA_1428300,NO
PBANKA_0404100,NO
PBANKA_0317141,NO
PBANKA_1359400,NO
PBANKA_1330800,NO
PBANKA_1013200,NO
PBANKA_1355000,NO
PBANKA_1035700,NO
PBANKA_1310700,NO
PBANKA_1144800,NO
PBANKA_0413300,NO
PBANKA_1349700,NO
PBANKA_1017200,NO
PBANKA_1000700,NO
PBANKA_0414200,NO
PBANKA_1128300,NO
PBANKA_0501900,NO
PBANKA_0706300,NO
PBANKA_0929400,NO
PBANKA_0301800,NO
PBANKA_0211000,NO
PBANKA_1323200,NO
PBANKA_1111900,NO
PBANKA_0835800,NO
PBANKA_1029800,NO
PBANKA_0200400,YES
PBANKA_1008300,YES
PBANKA_1404800,NO
PBANKA_0915000,NO
PBANKA_0520500,NO
PBANKA_1435700,NO
PBANKA_0708200,NO
PBANKA_1037200,NO
PBANKA_0103200,NO
PBANKA_0719700,NO
PBANKA_1217400,NO
PBANKA_1364900,NO
PBANKA_1022200,NO
PBANKA_0816100,YES
PBANKA_1132700,NO
PBANKA_1127400,NO
PBANKA_0210700,NO
PBANKA_0303100,NO
PBANKA_1322500,NO
PBANKA_1207600,NO
PBANKA_0824800,NO
PBANKA_0405900,NO
PBANKA_1405000,NO
PBANKA_1354000,NO
PBANKA_1035800,NO
PBANKA_0101900,NO
PBANKA_1035000,NO
PBANKA_1436300,YES
PBANKA_1461100,NO
PBANKA_1002400,NO
PBANKA_1030100,NO
PBANKA_0603400,NO
PBANKA_1129500,NO
PBANKA_1304500,NO
PBANKA_0825700,YES
PBANKA_0808600,NO
PBANKA_1350800,NO
PBANKA_1024700,NO
PBANKA_1308400,NO
PBANKA_1145700,NO
PBANKA_0906600,NO
PBANKA_0901000,NO
PBANKA_0922200,NO
PBANKA_1030500,NO
PBANKA_0930200,NO
PBANKA_0520700,NO
PBANKA_0816900,NO
PBANKA_1142700,NO
PBANKA_1105400,NO
PBANKA_1139700,NO
PBANKA_0834100,NO
PBANKA_1030000,NO
PBANKA_0828200,NO
PBANKA_0603000,NO
PBANKA_0107700,NO
PBANKA_1437400,NO
PBANKA_1214600,NO
PBANKA_1012400,NO
PBANKA_0830100,NO
PBANKA_1314300,NO
PBANKA_1447200,NO
PBANKA_0908500,NO
PBANKA_1447100,NO
PBANKA_1109200,NO
PBANKA_0814300,NO
PBANKA_0933400,NO
PBANKA_1137700,NO
PBANKA_1334200,NO
PBANKA_1122600,NO
PBANKA_0616100,NO
PBANKA_0104500,NO
PBANKA_1323100,NO
PBANKA_0102400,NO
PBANKA_1139500,NO
PBANKA_0508200,NO
PBANKA_1434000,NO
PBANKA_0302100,NO
PBANKA_0206000,NO
PBANKA_1019800,NO
PBANKA_1102000,NO
PBANKA_1364600,YES
PBANKA_1109800,NO
PBANKA_1224600,NO
PBANKA_0310300,NO
PBANKA_1138300,NO
PBANKA_0503700,NO
PBANKA_1037500,NO
PBANKA_0918900,NO
PBANKA_1222500,NO
PBANKA_0411200,NO
PBANKA_0829800,NO
PBANKA_1102700,NO
PBANKA_1230700,NO
PBANKA_0721900,NO
PBANKA_0828600,NO
PBANKA_0710300,NO
PBANKA_1030400,NO
PBANKA_0305300,NO
PBANKA_1402200,NO
PBANKA_1450600,NO
PBANKA_1445800,YES
PBANKA_0411500,NO
PBANKA_0513200,NO
PBANKA_1342600,NO
PBANKA_0710700,NO
PBANKA_1444600,NO
PBANKA_0921300,NO
PBANKA_0709800,NO
PBANKA_1307600,NO
PBANKA_1448100,NO
PBANKA_1429900,NO
PBANKA_0717700,NO
PBANKA_0810200,NO
PBANKA_0407200,NO
PBANKA_1354100,NO
PBANKA_0706200,NO
PBANKA_1409700,NO
PBANKA_0208500,NO
PBANKA_1436100,NO
PBANKA_1361500,NO
PBANKA_0617300,NO
PBANKA_0710000,NO
PBANKA_1012200,NO
PBANKA_1038000,NO
PBANKA_0904600,NO
PBANKA_0820300,NO
PBANKA_1411100,YES
PBANKA_1212500,NO
PBANKA_0504600,NO
PBANKA_1031200,NO
PBANKA_0713600,NO
PBANKA_0406200,NO
PBANKA_1122100,NO
PBANKA_1313800,NO
PBANKA_0518300,NO
PBANKA_1310400,NO
PBANKA_0618900,NO
PBANKA_0938500,NO
PBANKA_0816800,YES
PBANKA_1124100,NO
PBANKA_0922800,NO
PBANKA_1039100,NO
PBANKA_1107800,NO
PBANKA_1015600,NO
PBANKA_1317600,NO
PBANKA_0715800,NO
PBANKA_0514600,NO
PBANKA_1334600,YES
PBANKA_1405300,NO
PBANKA_0822600,NO
PBANKA_1224400,NO
PBANKA_1226200,NO
PBANKA_1304600,NO
PBANKA_1412000,NO
PBANKA_0108800,NO
PBANKA_1445000,NO
PBANKA_1238600,NO
PBANKA_1336900,NO
PBANKA_0826100,NO
PBANKA_1352400,NO
PBANKA_0522100,NO
PBANKA_1139400,NO
PBANKA_0505200,YES
PBANKA_1108000,NO
PBANKA_1008400,NO
PBANKA_0302600,NO
PBANKA_1431500,NO
PBANKA_0903200,NO
PBANKA_1029300,NO
PBANKA_0401900,NO
PBANKA_1003300,NO
PBANKA_1422600,NO
PBANKA_1350100,NO
PBANKA_1124000,YES
PBANKA_1207700,NO
PBANKA_1337200,NO
PBANKA_0811600,NO
PBANKA_0415000,NO
PBANKA_0306500,NO
PBANKA_0502700,YES
PBANKA_0929200,NO
PBANKA_1464000,NO
PBANKA_1025000,NO
PBANKA_1401100,NO
PBANKA_1426500,NO
PBANKA_1229100,NO
PBANKA_1445600,NO
PBANKA_1417400,YES
PBANKA_1201400,NO
PBANKA_1428800,NO
PBANKA_1357500,NO
PBANKA_0806800,NO
PBANKA_1013800,NO
PBANKA_0606800,NO
PBANKA_0832200,NO
PBANKA_1332500,NO
PBANKA_0507800,NO
PBANKA_1007100,NO
PBANKA_1120300,NO
PBANKA_0523100,NO
PBANKA_1343500,NO
PBANKA_1032500,NO
PBANKA_0600800,NO
PBANKA_0937900,NO
PBANKA_0105800,NO
PBANKA_1114300,NO
PBANKA_1204500,YES
PBANKA_1424500,NO
PBANKA_1129600,NO
PBANKA_0312800,NO
PBANKA_1142500,NO
PBANKA_1213700,NO
PBANKA_1330700,NO
PBANKA_1404700,NO
PBANKA_0813100,NO
PBANKA_1350500,NO
PBANKA_1244700,NO
PBANKA_1141600,NO
PBANKA_1353900,NO
PBANKA_0941200,NO
PBANKA_1329500,NO
PBANKA_0918600,NO
PBANKA_0204600,NO
PBANKA_0102100,YES
PBANKA_0506900,YES
PBANKA_0105500,NO
PBANKA_0933700,NO
PBANKA_1146761,NO
PBANKA_1440200,NO
PBANKA_0711000,NO
PBANKA_0522200,NO
PBANKA_0709700,NO
PBANKA_1238000,NO
PBANKA_1228000,NO
PBANKA_1207100,NO
PBANKA_0721400,NO
PBANKA_1122500,NO
PBANKA_1402900,NO
PBANKA_1208100,NO
PBANKA_0933800,NO
PBANKA_1431050,NO
PBANKA_1431600,NO
PBANKA_0316400,NO
PBANKA_1113800,NO
PBANKA_1406100,NO
PBANKA_0835700,NO
PBANKA_1131800,NO
PBANKA_0920300,NO
PBANKA_0920000,YES
PBANKA_0413000,NO
PBANKA_0806600,NO
PBANKA_0801100,NO
PBANKA_1418200,NO
PBANKA_1346100,NO
PBANKA_0927900,NO
PBANKA_0404900,NO
PBANKA_1442300,NO
PBANKA_1210000,NO
PBANKA_1116300,NO
PBANKA_1424000,NO
PBANKA_1226600,NO
PBANKA_1454300,NO
PBANKA_1033500,NO
PBANKA_0310400,NO
PBANKA_0101000,NO
PBANKA_1357700,NO
PBANKA_1018800,NO
PBANKA_1221300,NO
PBANKA_0929300,NO
PBANKA_1210400,NO
PBANKA_0519000,NO
PBANKA_1024200,NO
PBANKA_1127300,NO
PBANKA_1135200,NO
PBANKA_1026300,NO
PBANKA_1364500,NO
PBANKA_0301400,NO
PBANKA_1220300,NO
PBANKA_1348500,NO
PBANKA_0821400,YES
PBANKA_1236900,NO
PBANKA_1456000,NO
PBANKA_0701500,NO
PBANKA_1347600,YES
PBANKA_1346800,NO
PBANKA_0516100,NO
PBANKA_1139000,NO
PBANKA_1118800,NO
PBANKA_0520000,NO
PBANKA_1464800,NO
PBANKA_0407500,NO
PBANKA_1226000,NO
PBANKA_0804200,NO
PBANKA_0106000,NO
PBANKA_1403600,NO
PBANKA_0932000,NO
PBANKA_1339800,NO
PBANKA_1001300,NO
PBANKA_1339900,NO
PBANKA_1348100,NO
PBANKA_0202300,NO
PBANKA_0412200,NO
PBANKA_1451300,NO
PBANKA_0829000,NO
PBANKA_0201300,NO
PBANKA_1232600,NO
PBANKA_1360000,NO
PBANKA_1353300,NO
PBANKA_1321300,NO
PBANKA_0928800,YES
PBANKA_1450100,NO
PBANKA_1322200,NO
PBANKA_1341900,NO
PBANKA_1433500,NO
PBANKA_0109600,NO
PBANKA_1335500,NO
PBANKA_1232300,NO
PBANKA_1028800,NO
PBANKA_1347800,YES
PBANKA_1206400,NO
PBANKA_1036800,NO
PBANKA_0522500,NO
PBANKA_1339600,NO
PBANKA_1230900,NO
PBANKA_0829700,NO
PBANKA_1105200,NO
PBANKA_1203900,NO
PBANKA_0825000,NO
PBANKA_0704400,NO
PBANKA_1125500,YES
PBANKA_1445300,NO
PBANKA_1020000,NO
PBANKA_0201250,NO
PBANKA_1338800,NO
PBANKA_1213200,NO
PBANKA_1407100,NO
PBANKA_1321200,NO
PBANKA_0700561,NO
PBANKA_1415500,NO
PBANKA_0407800,NO
PBANKA_1110600,NO
PBANKA_1108600,NO
PBANKA_0215800,NO
PBANKA_1222000,NO
PBANKA_0619000,NO
PBANKA_1423900,NO
PBANKA_1463200,NO
PBANKA_1427000,YES
PBANKA_1420200,NO
PBANKA_0515800,NO
PBANKA_0939800,NO
PBANKA_1104200,NO
PBANKA_1459800,NO
PBANKA_0210800,NO
PBANKA_0814600,NO
PBANKA_1020900,NO
PBANKA_1005900,NO
PBANKA_0926900,NO
PBANKA_0208000,NO
PBANKA_0622500,YES
PBANKA_0209800,NO
PBANKA_1117800,NO
PBANKA_1328700,NO
PBANKA_0821300,NO
PBANKA_0101200,NO
PBANKA_0825400,NO
PBANKA_0822200,NO
PBANKA_0206200,NO
PBANKA_1111600,NO
PBANKA_1364100,NO
PBANKA_1304200,NO
PBANKA_0720000,NO
PBANKA_1413000,NO
PBANKA_0412100,NO
PBANKA_1423000,NO
PBANKA_0510400,NO
PBANKA_1464400,NO
PBANKA_0904800,NO
PBANKA_1020800,NO
PBANKA_0111900,NO
PBANKA_0828700,NO
PBANKA_1230500,NO
PBANKA_1243600,NO
PBANKA_1209100,NO
PBANKA_0211800,NO
PBANKA_0416700,NO
PBANKA_1436900,NO
PBANKA_0301700,NO
PBANKA_1459700,NO
PBANKA_1116200,NO
PBANKA_1123200,YES
PBANKA_1235300,NO
PBANKA_0519300,NO
PBANKA_0706000,NO
PBANKA_1119100,NO
PBANKA_0513800,YES
PBANKA_1035300,NO
PBANKA_0802500,NO
PBANKA_1215500,NO
PBANKA_0915600,NO
PBANKA_1449700,NO
PBANKA_1207500,NO
PBANKA_0715300,NO
PBANKA_0934700,NO
PBANKA_0521200,NO
PBANKA_1302500,NO
PBANKA_1403300,NO
PBANKA_1340600,NO
PBANKA_1207300,NO
PBANKA_1401800,NO
PBANKA_0205300,NO
PBANKA_1323000,NO
PBANKA_1420700,NO
PBANKA_1337300,NO
PBANKA_1138000,NO
PBANKA_0935800,NO
PBANKA_1233200,NO
PBANKA_1229300,NO
PBANKA_1403100,NO
PBANKA_0805500,NO
PBANKA_1401400,NO
PBANKA_1244800,NO
PBANKA_0512700,NO
PBANKA_1405500,NO
PBANKA_0607000,NO
PBANKA_1011700,NO
PBANKA_0209200,NO
PBANKA_0108300,YES
PBANKA_1016400,NO
PBANKA_1362400,NO
PBANKA_1318200,NO
PBANKA_0700800,NO
PBANKA_1031600,NO
PBANKA_0940400,NO
PBANKA_0106100,NO
PBANKA_1029600,NO
PBANKA_0713200,NO
PBANKA_0411400,NO
PBANKA_0814100,NO
PBANKA_0512200,NO
PBANKA_1412300,NO
PBANKA_0705900,NO
PBANKA_1238700,NO
PBANKA_0830700,YES
PBANKA_1322400,NO
PBANKA_1416100,NO
PBANKA_0405800,NO
PBANKA_1005500,NO
PBANKA_1126600,NO
PBANKA_1201100,NO
PBANKA_0307600,NO
PBANKA_0413600,NO
PBANKA_1140000,NO
PBANKA_0714400,NO
PBANKA_0513100,NO
PBANKA_1356900,NO
PBANKA_1140800,NO
PBANKA_1216400,NO
PBANKA_0408800,NO
PBANKA_0315410,NO
PBANKA_1008200,NO
PBANKA_1117300,NO
PBANKA_0312000,NO
PBANKA_1465000,NO
PBANKA_0826400,NO
PBANKA_1434400,NO
PBANKA_0408900,NO
PBANKA_1033000,YES
PBANKA_0617000,NO
PBANKA_0917000,NO
PBANKA_0835200,NO
PBANKA_1015200,NO
PBANKA_1002700,NO
PBANKA_0105100,NO
PBANKA_0209900,NO
PBANKA_1013000,NO
PBANKA_0807300,NO
PBANKA_1409000,NO
PBANKA_0305800,YES
PBANKA_0300100,NO
PBANKA_0833300,NO
PBANKA_1359600,NO
PBANKA_0108000,NO
PBANKA_1141500,NO
PBANKA_1305900,NO
PBANKA_1030700,NO
PBANKA_0111300,NO
PBANKA_1305700,NO
PBANKA_0830900,NO
PBANKA_0104000,NO
PBANKA_1234100,NO
PBANKA_1142400,NO
PBANKA_1136200,NO
PBANKA_1323700,NO
PBANKA_1244100,NO
PBANKA_1302900,YES
PBANKA_1111800,NO
PBANKA_1220700,NO
PBANKA_0919800,NO
PBANKA_1327400,NO
PBANKA_1326900,NO
PBANKA_0507100,NO
PBANKA_1204300,NO
PBANKA_1358900,NO
PBANKA_0406400,NO
PBANKA_1426000,NO
PBANKA_0619700,NO
PBANKA_1422500,NO
PBANKA_1451000,NO
PBANKA_0316500,NO
PBANKA_1239500,NO
PBANKA_1422200,NO
PBANKA_1436700,NO
PBANKA_1435600,NO
PBANKA_0911900,NO
PBANKA_0305700,NO
PBANKA_0415800,NO
PBANKA_0307900,NO
PBANKA_1137100,NO
PBANKA_0907000,NO
PBANKA_0211300,NO
PBANKA_0513300,NO
PBANKA_1430600,NO
PBANKA_0209600,NO
PBANKA_0503100,NO
PBANKA_0932100,NO
PBANKA_1244600,YES
PBANKA_1019200,NO
PBANKA_1033100,NO
PBANKA_1128700,NO
PBANKA_0106400,NO
PBANKA_0614900,NO
PBANKA_0618400,NO
PBANKA_0939300,NO
PBANKA_1123800,NO
PBANKA_0606300,NO
PBANKA_0833800,NO
PBANKA_1032800,NO
PBANKA_1311500,NO
PBANKA_1014500,NO
PBANKA_1145300,NO
PBANKA_1125300,NO
PBANKA_1339100,NO
PBANKA_1347400,NO
PBANKA_1356500,NO
PBANKA_1332400,NO
PBANKA_0620200,NO
PBANKA_1343700,YES
PBANKA_1319400,NO
PBANKA_1241700,NO
PBANKA_1335300,NO
PBANKA_0814700,NO
PBANKA_1358000,NO
PBANKA_0518500,YES
PBANKA_0101600,NO
PBANKA_0711700,NO
PBANKA_1126300,NO
PBANKA_0618700,NO
PBANKA_1237000,NO
PBANKA_1336700,NO
PBANKA_0602100,NO
PBANKA_0819600,NO
PBANKA_1129700,NO
PBANKA_1317700,NO
PBANKA_0701600,NO
PBANKA_0931100,NO
PBANKA_0700900,NO
PBANKA_0940300,NO
PBANKA_1434500,NO
PBANKA_0914800,NO
PBANKA_1107600,NO
PBANKA_0906300,NO
PBANKA_0903400,NO
PBANKA_0917400,NO
PBANKA_1460200,NO
PBANKA_0710600,NO
PBANKA_1027200,NO
PBANKA_1401500,NO
PBANKA_1415300,NO
PBANKA_1350200,NO
PBANKA_1224100,NO
PBANKA_1202300,NO
PBANKA_1001100,NO
PBANKA_1213500,NO
PBANKA_0102000,NO
PBANKA_1344900,NO
PBANKA_0506500,NO
PBANKA_1005600,NO
PBANKA_0315200,NO
PBANKA_0925800,NO
PBANKA_1004800,NO
PBANKA_1144300,NO
PBANKA_1331800,NO
PBANKA_1340000,NO
PBANKA_0931400,NO
PBANKA_1347500,NO
PBANKA_1310600,NO
PBANKA_0402000,NO
PBANKA_1240800,NO
PBANKA_0715400,NO
PBANKA_0112300,NO
PBANKA_1129300,NO
PBANKA_1406400,NO
PBANKA_0823900,NO
PBANKA_1021100,NO
PBANKA_0503800,NO
PBANKA_1017700,NO
PBANKA_0303400,NO
PBANKA_1244400,NO
PBANKA_0512900,NO
PBANKA_0614300,NO
PBANKA_1228800,NO
PBANKA_0716100,NO
PBANKA_1316000,NO
PBANKA_0939700,NO
PBANKA_0605800,NO
PBANKA_0813200,NO
PBANKA_1205400,NO
PBANKA_1201000,NO
PBANKA_0404400,NO
PBANKA_1450000,NO
PBANKA_1223400,NO
PBANKA_1335200,NO
PBANKA_1134800,NO
PBANKA_0507400,NO
PBANKA_0828900,NO
PBANKA_0204700,NO
PBANKA_1342400,NO
PBANKA_1446700,NO
PBANKA_1450900,NO
PBANKA_0716600,NO
PBANKA_0810000,NO
PBANKA_1448600,NO
PBANKA_0412300,NO
PBANKA_1440900,NO
PBANKA_1016000,NO
PBANKA_1221400,NO
PBANKA_0203900,NO
PBANKA_1004500,NO
PBANKA_1013400,NO
PBANKA_0204100,NO
PBANKA_1121600,NO
PBANKA_0911600,NO
PBANKA_1215100,NO
PBANKA_0834600,NO
PBANKA_1363200,NO
PBANKA_1301900,NO
PBANKA_1430400,NO
PBANKA_1224500,NO
PBANKA_0812300,NO
PBANKA_1235200,YES
PBANKA_1227600,NO
PBANKA_0919400,NO
PBANKA_1413100,NO
PBANKA_0516300,NO
PBANKA_0406300,NO
PBANKA_0211700,NO
PBANKA_1451500,NO
PBANKA_0819450,NO
PBANKA_1315900,NO
PBANKA_0414800,NO
PBANKA_1104000,NO
PBANKA_0819400,NO
PBANKA_1132600,NO
PBANKA_1453500,NO
PBANKA_0206500,NO
PBANKA_0931000,NO
PBANKA_1128100,NO
PBANKA_0601000,NO
PBANKA_0802800,NO
PBANKA_1303400,NO
PBANKA_0504200,NO
PBANKA_0504700,NO
PBANKA_1318800,YES
PBANKA_0104100,NO
PBANKA_1357000,NO
PBANKA_0708400,NO
PBANKA_0917200,NO
PBANKA_0926800,NO
PBANKA_1339300,NO
PBANKA_1327500,NO
PBANKA_1461500,NO
PBANKA_1455900,NO
PBANKA_0834800,NO
PBANKA_1238400,NO
PBANKA_0612700,NO
PBANKA_0519700,NO
PBANKA_0804300,NO
PBANKA_0711100,NO
PBANKA_1004100,NO
PBANKA_0204200,NO
PBANKA_1341600,NO
PBANKA_1136400,NO
PBANKA_0833400,NO
PBANKA_1415900,NO
PBANKA_0805600,NO
PBANKA_1010700,NO
PBANKA_1413200,NO
PBANKA_0623150,NO
PBANKA_1408000,YES
PBANKA_1037000,NO
PBANKA_1101700,NO
PBANKA_1122800,NO
PBANKA_1028100,NO
PBANKA_1422100,NO
PBANKA_0524100,NO
PBANKA_1215000,NO
PBANKA_0830450,NO
PBANKA_0402300,NO
PBANKA_1033200,NO
PBANKA_0609800,NO
PBANKA_0831800,NO
PBANKA_0202400,NO
PBANKA_1031800,NO
PBANKA_0707800,NO
PBANKA_1210500,NO
PBANKA_1404400,NO
PBANKA_0107000,NO
PBANKA_1363100,NO
PBANKA_1229500,YES
PBANKA_1241000,NO
PBANKA_1235100,NO
PBANKA_1418800,NO
PBANKA_1239200,NO
PBANKA_0403900,NO
PBANKA_1343600,NO
PBANKA_1359500,NO
PBANKA_0936500,NO
PBANKA_0903500,NO
PBANKA_0522300,NO
PBANKA_1022900,NO
PBANKA_0809400,NO
PBANKA_1336600,NO
PBANKA_1425700,NO
PBANKA_0309000,NO
PBANKA_0719900,NO
PBANKA_0524600,NO
PBANKA_1312400,NO
PBANKA_1363300,NO
PBANKA_0708100,NO
PBANKA_0605100,NO
PBANKA_1449100,NO
PBANKA_1026400,NO
PBANKA_1428600,YES
PBANKA_0936900,NO
PBANKA_0615500,NO
PBANKA_1330600,NO
PBANKA_1326800,NO
PBANKA_0607600,NO
PBANKA_0110200,NO
PBANKA_1358100,NO
PBANKA_1018900,NO
PBANKA_0803300,NO
PBANKA_1421300,NO
PBANKA_0936000,NO
PBANKA_1427600,NO
PBANKA_0313000,NO
PBANKA_1328500,NO
PBANKA_0913300,NO
PBANKA_1354700,NO
PBANKA_1123900,NO
PBANKA_1026800,YES
PBANKA_1364800,NO
PBANKA_0204400,NO
PBANKA_1029700,YES
PBANKA_1228900,YES
PBANKA_1008900,NO
PBANKA_0921100,YES
PBANKA_0517300,NO
PBANKA_0902400,NO
PBANKA_0909500,NO
PBANKA_0904500,NO
PBANKA_1320300,NO
PBANKA_0921500,NO
PBANKA_1001800,NO
PBANKA_0102500,NO
PBANKA_1345300,NO
PBANKA_1031400,NO
PBANKA_1112600,NO
PBANKA_0831400,NO
PBANKA_1241100,YES
PBANKA_1355300,NO
PBANKA_0826600,NO
PBANKA_0103800,NO
PBANKA_0206400,NO
PBANKA_1321500,NO
PBANKA_1304900,NO
PBANKA_1312000,NO
PBANKA_0503900,NO
PBANKA_0208600,NO
PBANKA_1430800,NO
PBANKA_1003600,NO
PBANKA_0516800,NO
PBANKA_1205300,NO
PBANKA_0816200,NO
PBANKA_0518200,NO
PBANKA_1100700,NO
PBANKA_0836400,NO
PBANKA_1245000,NO
PBANKA_1238100,NO
PBANKA_0102700,NO
PBANKA_1110300,NO
PBANKA_0418500,NO
PBANKA_1007300,NO
PBANKA_1244300,NO
PBANKA_1218100,NO
PBANKA_0809700,NO
PBANKA_0216801,NO
PBANKA_1457100,NO
PBANKA_1109900,YES
PBANKA_1011600,NO
PBANKA_1447700,NO
PBANKA_0608500,NO
PBANKA_1460500,NO
PBANKA_1239400,NO
PBANKA_0927300,YES
PBANKA_0719600,NO
PBANKA_0201800,NO
PBANKA_1144600,NO
PBANKA_1218400,NO
PBANKA_1115800,NO
PBANKA_1121500,NO
PBANKA_1346000,NO
PBANKA_0315000,NO
PBANKA_1341700,NO
PBANKA_1300600,NO
PBANKA_1319100,NO
PBANKA_0702300,NO
PBANKA_1124900,NO
PBANKA_0512100,NO
PBANKA_0212300,NO
PBANKA_1427500,NO
PBANKA_1009400,NO
PBANKA_1307400,NO
PBANKA_1423100,NO
PBANKA_1438600,NO
PBANKA_0511500,NO
PBANKA_0212800,NO
PBANKA_0112641,NO
PBANKA_0806500,YES
PBANKA_0621700,NO
PBANKA_1459900,NO
PBANKA_0314100,NO
PBANKA_0620000,NO
PBANKA_1115400,NO
PBANKA_1360200,NO
PBANKA_1131200,NO
PBANKA_1461200,NO
PBANKA_0805200,NO
PBANKA_1236000,NO
PBANKA_0509800,NO
PBANKA_0714100,NO
PBANKA_1447600,NO
PBANKA_1125000,NO
PBANKA_1039900,NO
PBANKA_1027700,NO
PBANKA_1427700,NO
PBANKA_0929700,NO
PBANKA_1241600,NO
PBANKA_1019100,NO
PBANKA_0804800,NO
PBANKA_1358200,NO
PBANKA_0933900,NO
PBANKA_0208300,NO
PBANKA_1011300,NO
PBANKA_0305900,NO
PBANKA_1038500,NO
PBANKA_0926300,NO
PBANKA_0943900,NO
PBANKA_0807100,NO
PBANKA_1305500,NO
PBANKA_1207800,NO
PBANKA_1418400,NO
PBANKA_0825100,NO
PBANKA_1421000,NO
PBANKA_0810100,NO
PBANKA_0717500,NO
PBANKA_1311400,YES
PBANKA_1346200,NO
PBANKA_1447800,NO
PBANKA_1226900,NO
PBANKA_1228600,NO
PBANKA_0400900,NO
PBANKA_1204800,NO
PBANKA_0718600,NO
PBANKA_0825200,NO
PBANKA_1408100,NO
PBANKA_1133500,NO
PBANKA_0317061,NO
PBANKA_0942300,NO
PBANKA_1435800,NO
PBANKA_0516400,NO
PBANKA_1216200,NO
PBANKA_0915400,NO
PBANKA_1025400,NO
PBANKA_0936200,NO
PBANKA_0402400,NO
PBANKA_0704300,NO
PBANKA_0816700,NO
PBANKA_1342000,NO
PBANKA_0502400,NO
PBANKA_1313600,NO
PBANKA_0708500,NO
PBANKA_0721600,NO
PBANKA_1353000,NO
PBANKA_1332300,NO
PBANKA_0917100,NO
PBANKA_1324100,NO
PBANKA_1104800,NO
PBANKA_0622900,NO
PBANKA_1406600,NO
PBANKA_1454500,NO
PBANKA_0410700,NO
PBANKA_1302700,NO
PBANKA_1333500,NO
PBANKA_1135500,NO
PBANKA_1420300,NO
PBANKA_0933500,NO
PBANKA_0501800,NO
PBANKA_1006000,NO
PBANKA_1119500,NO
PBANKA_1023900,NO
PBANKA_0718500,NO
PBANKA_1345700,NO
PBANKA_1425800,NO
PBANKA_1335700,NO
PBANKA_1208500,NO
PBANKA_0614600,NO
PBANKA_0942200,NO
PBANKA_1013300,NO
PBANKA_1141400,NO
PBANKA_0410400,NO
PBANKA_1357300,NO
PBANKA_1304000,NO
PBANKA_1013900,NO
PBANKA_1118100,NO
PBANKA_1009700,NO
PBANKA_1112700,YES
PBANKA_1144200,NO
PBANKA_0901700,YES
PBANKA_0930000,NO
PBANKA_0909100,NO
PBANKA_0111600,NO
PBANKA_0207300,NO
PBANKA_0304400,NO
PBANKA_0914900,NO
PBANKA_0939900,NO
PBANKA_0925700,NO
PBANKA_1028900,NO
PBANKA_1136300,NO
PBANKA_1003500,NO
PBANKA_1319300,NO
PBANKA_1436800,NO
PBANKA_0205600,NO
PBANKA_1327200,NO
PBANKA_0907200,NO
PBANKA_0604000,NO
PBANKA_1357900,NO
PBANKA_1423400,NO
PBANKA_0808420,NO
PBANKA_1358800,NO
PBANKA_0613400,NO
PBANKA_1365000,NO
PBANKA_0303200,NO
PBANKA_1349500,NO
PBANKA_1244000,YES
PBANKA_1315400,NO
PBANKA_1428500,NO
PBANKA_1356200,NO
PBANKA_0717600,NO
PBANKA_1015900,NO
PBANKA_1312500,NO
PBANKA_0810800,NO
PBANKA_0600400,NO
PBANKA_1114700,NO
PBANKA_0809900,NO
PBANKA_0606100,NO
PBANKA_0403400,NO
PBANKA_0714800,NO
PBANKA_1313300,NO
PBANKA_1304400,NO
PBANKA_1424400,NO
PBANKA_1325400,YES
PBANKA_0911000,NO
PBANKA_0108500,NO
PBANKA_1141300,NO
PBANKA_1143500,YES
PBANKA_1326500,NO
PBANKA_1408300,NO
PBANKA_0942400,NO
PBANKA_1410900,NO
PBANKA_0308000,YES
PBANKA_1230200,NO
PBANKA_1118900,NO
PBANKA_1414300,YES
PBANKA_0815000,NO
PBANKA_1404100,NO
PBANKA_1365600,NO
PBANKA_1111500,NO
PBANKA_0822400,NO
PBANKA_0915800,NO
PBANKA_0908700,NO
PBANKA_0935000,NO
PBANKA_1306400,NO
PBANKA_1142600,NO
PBANKA_1121400,YES
PBANKA_0205100,NO
PBANKA_0511300,NO
PBANKA_0811000,NO
PBANKA_1405700,NO
PBANKA_1407300,YES
PBANKA_0207400,NO
PBANKA_1422300,NO
PBANKA_0311900,NO
PBANKA_0523300,NO
PBANKA_0716900,NO
PBANKA_1201600,NO
PBANKA_0413400,NO
PBANKA_1221100,NO
PBANKA_1456800,NO
PBANKA_1424800,NO
PBANKA_0204900,NO
PBANKA_0310600,NO
PBANKA_0620500,NO
PBANKA_0604700,NO
PBANKA_1445100,YES
PBANKA_1000800,NO
PBANKA_0415100,NO
PBANKA_0308800,NO
PBANKA_0306700,NO
PBANKA_1140900,NO
PBANKA_0411900,NO
PBANKA_1134200,NO
PBANKA_0216741,NO
PBANKA_1406500,NO
PBANKA_0309800,NO
PBANKA_1441600,NO
PBANKA_1038100,NO
PBANKA_0508500,NO
PBANKA_1223900,NO
PBANKA_1245700,NO
PBANKA_1353500,NO
PBANKA_0832000,NO
PBANKA_1461000,NO
PBANKA_0720600,NO
PBANKA_0812500,NO
PBANKA_0311100,NO
PBANKA_1324900,NO
PBANKA_0805800,NO
PBANKA_1020200,NO
PBANKA_1108400,NO
PBANKA_0703800,NO
PBANKA_1338500,NO
PBANKA_1213100,NO
PBANKA_1328200,NO
PBANKA_1352200,NO
PBANKA_1217200,NO
PBANKA_0416400,NO
PBANKA_0213800,NO
PBANKA_0826200,NO
PBANKA_1457900,NO
PBANKA_0616300,NO
PBANKA_1424900,NO
PBANKA_1205800,NO
PBANKA_1359100,NO
PBANKA_1325800,NO
PBANKA_0403300,NO
PBANKA_0302800,NO
PBANKA_0611900,NO
PBANKA_1409400,NO
PBANKA_0918700,NO
PBANKA_0306600,YES
PBANKA_1419200,NO
PBANKA_0105900,NO
PBANKA_0111700,NO
PBANKA_1439700,NO
PBANKA_1004400,YES
PBANKA_0935200,NO
PBANKA_1438900,NO
PBANKA_1440400,NO
PBANKA_1319900,NO
PBANKA_1404000,NO
PBANKA_0926200,NO
PBANKA_1455700,NO
PBANKA_1122400,NO
PBANKA_1014000,NO
PBANKA_0613500,NO
PBANKA_0505500,NO
PBANKA_0920700,NO
PBANKA_0611400,NO
PBANKA_0715700,NO
PBANKA_0707200,NO
PBANKA_1133800,NO
PBANKA_1025800,NO
PBANKA_0405700,NO
PBANKA_0828800,YES
PBANKA_1453900,YES
PBANKA_0904400,NO
PBANKA_0702700,NO
PBANKA_0110900,NO
PBANKA_0210900,NO
PBANKA_1244500,NO
PBANKA_0916900,NO
PBANKA_0619500,NO
PBANKA_1342800,NO
PBANKA_1039800,NO
PBANKA_1413500,NO
PBANKA_1209700,NO
PBANKA_1345200,NO
PBANKA_1418700,NO
PBANKA_1336500,NO
PBANKA_1014100,NO
PBANKA_0817100,NO
PBANKA_0313200,NO
PBANKA_1447000,NO
PBANKA_1461900,NO
PBANKA_1334500,NO
PBANKA_0620600,NO
PBANKA_0926100,NO
PBANKA_1210600,NO
PBANKA_1205600,NO
PBANKA_1327100,NO
PBANKA_0931800,NO
PBANKA_1333400,NO
PBANKA_0109000,NO
PBANKA_0705200,NO
PBANKA_0406700,NO
PBANKA_0713000,NO
PBANKA_0518400,NO
PBANKA_0811500,NO
PBANKA_1318900,NO
PBANKA_1445200,NO
PBANKA_1307100,NO
PBANKA_1128900,NO
PBANKA_0509600,NO
PBANKA_0942100,NO
PBANKA_0523400,NO
PBANKA_1440300,NO
PBANKA_0929500,NO
PBANKA_1039200,NO
PBANKA_0901500,NO
PBANKA_0611000,NO
PBANKA_1141200,NO
PBANKA_1103900,NO
PBANKA_1242100,YES
PBANKA_0608100,NO
PBANKA_1114500,NO
PBANKA_1130300,NO
PBANKA_0609000,NO
PBANKA_1118300,NO
PBANKA_1410600,NO
PBANKA_1307200,NO
PBANKA_1018300,NO
PBANKA_0922400,NO
PBANKA_0835400,NO
PBANKA_0304300,NO
PBANKA_1132200,NO
PBANKA_0615600,NO
PBANKA_0410100,NO
PBANKA_0604400,NO
PBANKA_1457550,NO
PBANKA_1327061,NO
PBANKA_0835600,NO
PBANKA_1035500,NO
PBANKA_1133200,YES
PBANKA_1333100,NO
PBANKA_1115100,NO
PBANKA_1021400,NO
PBANKA_1438800,NO
PBANKA_0811800,NO
PBANKA_0814000,NO
PBANKA_0935100,NO
PBANKA_0213700,NO
PBANKA_0518000,NO
PBANKA_0937000,NO
PBANKA_1038700,NO
PBANKA_0203300,NO
PBANKA_0511100,NO
PBANKA_1431800,NO
PBANKA_1359900,NO
PBANKA_1303100,NO
PBANKA_0209700,NO
PBANKA_1016800,NO
PBANKA_1306100,NO
PBANKA_0412500,NO
PBANKA_0836700,NO
PBANKA_0942800,NO
PBANKA_0605500,NO
PBANKA_1108200,NO
PBANKA_1102800,NO
PBANKA_0911300,NO
PBANKA_1351500,NO
PBANKA_0514800,NO
PBANKA_0622700,NO
PBANKA_0802600,NO
PBANKA_0936600,NO
PBANKA_1419700,NO
PBANKA_0909800,NO
PBANKA_0514700,YES
PBANKA_1348400,NO
PBANKA_0303900,NO
PBANKA_1139200,NO
PBANKA_1400900,YES
PBANKA_0928400,NO
PBANKA_1125200,NO
PBANKA_0943300,NO
PBANKA_0923900,NO
PBANKA_1428200,NO
PBANKA_1342700,NO
PBANKA_0604900,NO
PBANKA_1021200,NO
PBANKA_1243800,NO
PBANKA_1139800,NO
PBANKA_0621800,NO
PBANKA_1411400,NO
PBANKA_0300300,NO
PBANKA_0201000,NO
PBANKA_1223600,NO
PBANKA_1102500,NO
PBANKA_0521241,NO
PBANKA_0101300,NO
PBANKA_1028600,NO
PBANKA_1408500,NO
PBANKA_0710900,NO
PBANKA_0302700,NO
PBANKA_0822000,NO
PBANKA_1112800,NO
PBANKA_1229400,NO
PBANKA_0704200,NO
PBANKA_0800600,NO
PBANKA_1243000,NO
PBANKA_1128400,NO
PBANKA_1026000,NO
PBANKA_1335800,NO
PBANKA_1209500,NO
PBANKA_0407900,NO
PBANKA_0827700,NO
PBANKA_1358400,NO
PBANKA_0833900,NO
PBANKA_1034000,NO
PBANKA_0809800,NO
PBANKA_0519600,NO
PBANKA_0806000,NO
PBANKA_0616600,NO
PBANKA_0831600,NO
PBANKA_1102400,NO
PBANKA_1233000,NO
PBANKA_1113700,NO
PBANKA_1363000,NO
PBANKA_0826300,NO
PBANKA_0812400,NO
PBANKA_0511800,NO
PBANKA_1123100,NO
PBANKA_0206100,NO
PBANKA_0827900,NO
PBANKA_0902100,NO
PBANKA_1037900,NO
PBANKA_1363900,NO
PBANKA_1038600,NO
PBANKA_0405000,NO
PBANKA_1454400,NO
PBANKA_1213800,NO
PBANKA_1007800,NO
PBANKA_1212800,NO
PBANKA_1143100,NO
PBANKA_0504500,NO
PBANKA_0811900,NO
PBANKA_0707500,YES
PBANKA_0821900,NO
PBANKA_1454700,NO
PBANKA_0106950,NO
PBANKA_1418500,NO
PBANKA_1341300,NO
PBANKA_1401700,NO
PBANKA_0606400,NO
PBANKA_1305600,NO
PBANKA_0619400,NO
PBANKA_0614100,NO
PBANKA_0905500,NO
PBANKA_0819500,NO
PBANKA_1014600,NO
PBANKA_1452700,NO
PBANKA_0834200,NO
PBANKA_0414900,NO
PBANKA_1327600,NO
PBANKA_0713900,NO
PBANKA_0308100,NO
PBANKA_1433900,NO
PBANKA_0314800,YES
PBANKA_1412500,NO
PBANKA_1362200,NO
PBANKA_0715100,NO
PBANKA_0812100,NO
PBANKA_0814500,NO
PBANKA_1409800,NO
PBANKA_1463600,NO
PBANKA_0928600,NO
PBANKA_1349400,NO
PBANKA_1412100,NO
PBANKA_0310100,NO
PBANKA_0614200,NO
PBANKA_0600061,NO
PBANKA_0520400,NO
PBANKA_1408600,NO
PBANKA_1032400,NO
PBANKA_1338000,NO
PBANKA_0108100,NO
PBANKA_1439800,NO
PBANKA_0411800,NO
PBANKA_0936300,NO
PBANKA_1343900,NO
PBANKA_1013600,NO
PBANKA_0307200,NO
PBANKA_0303500,NO
PBANKA_0905300,NO
PBANKA_0836600,NO
PBANKA_1336100,NO
PBANKA_1016600,NO
PBANKA_1108800,NO
PBANKA_0414300,NO
PBANKA_0517700,NO
PBANKA_1230800,NO
PBANKA_1347300,NO
PBANKA_0904300,NO
PBANKA_1138800,NO
PBANKA_0816600,NO
PBANKA_0623400,NO
PBANKA_1115600,NO
PBANKA_0832700,NO
PBANKA_1336000,NO
PBANKA_0607900,NO
PBANKA_1459000,NO
PBANKA_1037400,NO
PBANKA_0818100,NO
PBANKA_0109400,NO
PBANKA_0405100,NO
PBANKA_1403700,NO
PBANKA_1345000,NO
PBANKA_1416600,NO
PBANKA_0901200,NO
PBANKA_0401300,NO
PBANKA_1038400,YES
PBANKA_1225600,YES
PBANKA_1243200,NO
PBANKA_1221500,NO
PBANKA_1330400,NO
PBANKA_0501700,NO
PBANKA_0504300,NO
PBANKA_1361800,NO
PBANKA_1324600,NO
PBANKA_1336200,YES
PBANKA_1305400,NO
PBANKA_1103300,NO
PBANKA_1453600,NO
PBANKA_0616500,NO
PBANKA_0416900,NO
PBANKA_0835100,NO
PBANKA_0815600,NO
PBANKA_0309600,NO
PBANKA_1344200,NO
PBANKA_1309300,NO
PBANKA_0934600,NO
PBANKA_1105800,NO
PBANKA_0617500,NO
PBANKA_0109300,NO
PBANKA_1311200,NO
PBANKA_1215300,NO
PBANKA_0931700,NO
PBANKA_1324800,NO
PBANKA_1407000,NO
PBANKA_1033700,NO
PBANKA_1105900,NO
PBANKA_1130700,NO
PBANKA_1112100,NO
PBANKA_0722921,NO
PBANKA_1032000,NO
PBANKA_0309700,NO
PBANKA_1342200,NO
PBANKA_1345900,NO
PBANKA_0611200,NO
PBANKA_0913100,NO
PBANKA_1402700,NO
PBANKA_0306300,NO
PBANKA_0808800,NO
PBANKA_1316800,NO
PBANKA_1424100,NO
PBANKA_0820100,NO
PBANKA_1136600,NO
PBANKA_0929100,NO
PBANKA_1310900,NO
PBANKA_1323300,NO
PBANKA_0603500,NO
PBANKA_1012600,NO
PBANKA_1316600,NO
PBANKA_1013700,NO
PBANKA_0415200,NO
PBANKA_1361000,NO
PBANKA_0901600,NO
PBANKA_1335600,NO
PBANKA_1316200,NO
PBANKA_1235700,NO
PBANKA_1333600,NO
PBANKA_1119300,NO
PBANKA_1233800,NO
PBANKA_0915700,NO
PBANKA_1005800,NO
PBANKA_0807400,NO
PBANKA_1020600,NO
PBANKA_1001500,NO
PBANKA_0714600,NO
PBANKA_0202200,NO
PBANKA_0607200,NO
PBANKA_1036700,NO
PBANKA_1354800,NO
PBANKA_1332200,NO
PBANKA_1224800,NO
PBANKA_1464200,NO
PBANKA_1308300,NO
PBANKA_1023700,NO
PBANKA_1414800,YES
PBANKA_1022600,NO
PBANKA_1120200,NO
PBANKA_1132500,NO
PBANKA_0805400,NO
PBANKA_1355800,NO
PBANKA_0608700,NO
PBANKA_0609200,NO
PBANKA_0520100,NO
PBANKA_1216300,NO
PBANKA_0313600,NO
PBANKA_1323900,YES
PBANKA_1237200,NO
PBANKA_1405900,NO
PBANKA_1357100,NO
PBANKA_0827800,NO
PBANKA_1442900,NO
PBANKA_1039000,NO
PBANKA_1408800,NO
PBANKA_0907800,YES
PBANKA_0934400,NO
PBANKA_1441800,NO
PBANKA_0910800,NO
PBANKA_1105500,NO
PBANKA_1101900,YES
PBANKA_0934100,NO
PBANKA_0834000,NO
PBANKA_0925600,NO
PBANKA_1105300,NO
PBANKA_0911500,NO
PBANKA_1105600,NO
PBANKA_1319800,NO
PBANKA_1109500,NO
PBANKA_1348000,NO
PBANKA_0103400,NO
PBANKA_1104500,NO
PBANKA_1458200,NO
PBANKA_1120500,NO
PBANKA_1127600,NO
PBANKA_0203400,NO
PBANKA_1452900,NO
PBANKA_0902200,NO
PBANKA_1420100,NO
PBANKA_0111400,NO
PBANKA_0506300,NO
PBANKA_0314400,NO
PBANKA_0807800,NO
PBANKA_1108900,NO
PBANKA_0516000,NO
PBANKA_1352900,NO
PBANKA_1309100,NO
PBANKA_0936800,NO
PBANKA_0600900,NO
PBANKA_1208800,NO
PBANKA_1124400,NO
PBANKA_0832400,NO
PBANKA_0828500,YES
PBANKA_1351400,NO
PBANKA_0315700,NO
PBANKA_1407500,NO
PBANKA_0938100,NO
PBANKA_0717100,NO
PBANKA_0100021,NO
PBANKA_1319600,NO
PBANKA_1219400,NO
PBANKA_0103500,NO
PBANKA_0909700,NO
PBANKA_1403000,NO
PBANKA_1113200,NO
PBANKA_0508800,NO
PBANKA_1324200,NO
PBANKA_1101000,NO
PBANKA_1022400,NO
PBANKA_0619600,NO
PBANKA_0102300,NO
PBANKA_1444400,NO
PBANKA_1021900,NO
PBANKA_1414700,NO
PBANKA_1232800,NO
PBANKA_1456300,NO
PBANKA_1327080,NO
PBANKA_1451400,NO
PBANKA_1463900,NO
PBANKA_0827000,NO
PBANKA_1223700,NO
PBANKA_1433400,YES
PBANKA_0405600,NO
PBANKA_1004200,NO
PBANKA_0806200,YES
PBANKA_0712400,NO
PBANKA_0936100,NO
PBANKA_0722801,NO
PBANKA_1009800,NO
PBANKA_1004700,NO
PBANKA_0403100,NO
PBANKA_1033300,NO
PBANKA_1033600,YES
PBANKA_0408100,NO
PBANKA_0718300,NO
PBANKA_1421800,NO
PBANKA_1456500,NO
PBANKA_1243100,NO
PBANKA_0913600,NO
PBANKA_0940800,NO
PBANKA_0909300,NO
PBANKA_0704000,NO
PBANKA_1320600,NO
PBANKA_1201500,NO
PBANKA_1454900,NO
PBANKA_1407200,NO
PBANKA_1132900,NO
PBANKA_1243700,NO
PBANKA_1346500,NO
PBANKA_0814800,NO
PBANKA_0718700,NO
PBANKA_0104300,NO
PBANKA_0522400,NO
PBANKA_0611300,NO
PBANKA_1218600,NO
PBANKA_1117900,NO
PBANKA_1411900,NO
PBANKA_1220000,NO
PBANKA_1036200,NO
PBANKA_0903100,NO
PBANKA_0929000,NO
PBANKA_1227300,NO
PBANKA_0111100,NO
PBANKA_1455000,NO
PBANKA_1236700,NO
PBANKA_1403900,NO
PBANKA_0107200,NO
PBANKA_0208200,NO
PBANKA_1135800,YES
PBANKA_1031500,NO
PBANKA_1410700,NO
PBANKA_0201900,NO
PBANKA_1453800,NO
PBANKA_0510600,NO
PBANKA_0621900,NO
PBANKA_0100061,NO
PBANKA_1230000,NO
PBANKA_1429500,YES
PBANKA_1016100,NO
PBANKA_1011900,NO
PBANKA_1206500,NO
PBANKA_1344400,NO
PBANKA_1436400,YES
PBANKA_1402800,NO
PBANKA_0601300,NO
PBANKA_0813600,NO
PBANKA_0830300,NO
PBANKA_1004600,NO
PBANKA_1014700,NO
PBANKA_1332900,NO
PBANKA_1413700,NO
PBANKA_0509400,NO
PBANKA_0815800,NO
PBANKA_0602200,NO
PBANKA_1006500,NO
PBANKA_0521800,NO
PBANKA_1120900,NO
PBANKA_1113600,NO
PBANKA_0714300,NO
PBANKA_1300200,NO
PBANKA_0614700,NO
PBANKA_1446000,NO
PBANKA_0106600,NO
PBANKA_1208300,NO
PBANKA_1106300,NO
PBANKA_0523600,NO
PBANKA_1303600,NO
PBANKA_1421400,NO
PBANKA_0821000,NO
PBANKA_0701900,NO
PBANKA_0508400,NO
PBANKA_1019300,NO
PBANKA_1002500,NO
PBANKA_1227500,YES
PBANKA_0702600,NO
PBANKA_0520800,NO
PBANKA_1322600,NO
PBANKA_1347100,NO
PBANKA_0901300,NO
PBANKA_0210100,NO
PBANKA_1001900,YES
PBANKA_0302200,NO
PBANKA_1343750,NO
PBANKA_1345100,NO
PBANKA_1314600,NO
PBANKA_1217900,NO
PBANKA_1144900,NO
PBANKA_1327800,NO
PBANKA_1003000,NO
PBANKA_1428400,NO
PBANKA_1325200,NO
PBANKA_1455500,NO
PBANKA_0316700,NO
PBANKA_0832800,YES
PBANKA_0928000,NO
PBANKA_1403400,NO
PBANKA_1130100,NO
PBANKA_1241200,NO
PBANKA_1329000,NO
PBANKA_0824100,NO
PBANKA_0521900,YES
PBANKA_1318300,NO
PBANKA_0820500,NO
PBANKA_0507900,NO
PBANKA_0606700,NO
PBANKA_1316500,NO
PBANKA_1034800,NO
PBANKA_1308800,NO
PBANKA_0713400,NO
PBANKA_1309800,YES
PBANKA_1122300,NO
PBANKA_1214100,NO
PBANKA_1424700,NO
PBANKA_0207800,NO
PBANKA_1430200,NO
PBANKA_1117200,NO
PBANKA_0941700,NO
PBANKA_0105000,NO
PBANKA_1327700,NO
PBANKA_1418600,NO
PBANKA_1435100,NO
PBANKA_0820600,NO
PBANKA_0908400,NO
PBANKA_1365550,NO
PBANKA_1119800,NO
PBANKA_0721200,NO
PBANKA_0829900,NO
PBANKA_0915500,NO
PBANKA_1342900,NO
PBANKA_1412900,NO
PBANKA_0108900,NO
PBANKA_0701400,NO
PBANKA_0308700,NO
PBANKA_1413300,NO
PBANKA_1019900,NO
PBANKA_1216000,NO
PBANKA_0521500,NO
PBANKA_1215200,NO
PBANKA_0205500,NO
PBANKA_0706900,NO
PBANKA_1416800,NO
PBANKA_0817500,NO
PBANKA_1021300,NO
PBANKA_1427400,NO
PBANKA_0801000,NO
PBANKA_1209300,YES
PBANKA_0203650,NO
PBANKA_1201300,NO
PBANKA_0303800,NO
PBANKA_0412900,YES
PBANKA_1429000,NO
PBANKA_1333000,NO
PBANKA_1343800,NO
PBANKA_1009000,NO
PBANKA_0514000,NO
PBANKA_0914000,NO
PBANKA_1232700,NO
PBANKA_0613600,NO
PBANKA_1328600,NO
PBANKA_1451900,NO
PBANKA_0315500,NO
PBANKA_0301200,NO
PBANKA_0832300,NO
PBANKA_0903300,NO
PBANKA_1201700,NO
PBANKA_0521221,NO
PBANKA_1330100,NO
PBANKA_1208000,NO
PBANKA_0708700,NO
PBANKA_1353400,NO
PBANKA_0941400,NO
PBANKA_1003200,NO
PBANKA_0515500,NO
PBANKA_1212600,NO
PBANKA_1229700,NO
PBANKA_1208400,NO
PBANKA_0830600,NO
PBANKA_1361900,NO
PBANKA_0911200,NO
PBANKA_1233900,NO
PBANKA_0307700,NO
PBANKA_1211400,NO
PBANKA_1459600,NO
PBANKA_0608200,NO
PBANKA_0907500,NO
PBANKA_0710400,NO
PBANKA_1433700,NO
PBANKA_1330000,NO
PBANKA_0809200,NO
PBANKA_0904000,NO
PBANKA_0617700,NO
PBANKA_1234700,NO
PBANKA_1431000,NO
PBANKA_1145000,NO
PBANKA_1236100,NO
PBANKA_1319700,NO
PBANKA_0609300,YES
PBANKA_1312300,NO
PBANKA_1123600,NO
PBANKA_0210300,NO
PBANKA_0835900,NO
PBANKA_1232400,NO
PBANKA_1349300,NO
PBANKA_0503000,NO
PBANKA_1430500,NO
PBANKA_0303000,NO
PBANKA_1409100,NO
PBANKA_0600051,NO
PBANKA_0711300,NO
PBANKA_0800800,NO
PBANKA_0709300,NO
PBANKA_1459100,NO
PBANKA_1322900,NO
PBANKA_1328900,NO
PBANKA_0317161,NO
PBANKA_1029500,NO
PBANKA_0912900,NO
PBANKA_1204600,NO
PBANKA_0501400,NO
PBANKA_1229800,NO
PBANKA_1007500,NO
PBANKA_0207100,NO
PBANKA_1304700,NO
PBANKA_1324500,NO
PBANKA_1121300,NO
PBANKA_0508700,NO
PBANKA_0412000,NO
PBANKA_0701800,NO
PBANKA_0407300,NO
PBANKA_1447400,NO
PBANKA_0721300,NO
PBANKA_0721000,NO
PBANKA_1457000,NO
PBANKA_0711500,NO
PBANKA_1237500,NO
PBANKA_1110000,NO
PBANKA_0413900,NO
PBANKA_0307300,NO
PBANKA_1410800,NO
PBANKA_0213100,NO
PBANKA_1429800,NO
PBANKA_0930800,NO
PBANKA_0817600,NO
PBANKA_0919500,NO
PBANKA_1132100,NO
PBANKA_0800100,NO
PBANKA_0918500,NO
PBANKA_1240400,NO
PBANKA_0208400,NO
PBANKA_1010100,NO
PBANKA_0410000,NO
PBANKA_1221700,NO
PBANKA_0312900,NO
PBANKA_1132800,NO
PBANKA_1137500,NO
PBANKA_0307500,NO
PBANKA_1425350,NO
PBANKA_1012700,NO
PBANKA_0939400,NO
PBANKA_0612500,NO
PBANKA_0305600,NO
PBANKA_0923100,NO
PBANKA_1330500,NO
PBANKA_0922700,NO
PBANKA_0111000,NO
PBANKA_1458600,NO
PBANKA_0927400,NO
PBANKA_1029200,NO
PBANKA_0816500,NO
PBANKA_0605900,NO
PBANKA_0718200,NO
PBANKA_1134700,NO
PBANKA_0808500,NO
PBANKA_0918200,NO
PBANKA_0510000,NO
PBANKA_0934000,NO
PBANKA_1315800,NO
PBANKA_1320000,NO
PBANKA_1101500,NO
PBANKA_0836500,NO
PBANKA_0702200,NO
PBANKA_0417100,NO
PBANKA_0406600,NO
PBANKA_1315000,NO
PBANKA_0612000,NO
PBANKA_1017500,NO
PBANKA_1144500,NO
PBANKA_1429300,NO
PBANKA_1208900,NO
PBANKA_MIT01700:rRNA,NO
PBANKA_0306400,NO
PBANKA_1103700,NO
PBANKA_1034600,NO
PBANKA_0602600,NO
PBANKA_1119900,NO
PBANKA_0407000,NO
PBANKA_0612900,NO
PBANKA_1315200,NO
PBANKA_0926400,NO
PBANKA_0603600,NO
PBANKA_1365680,NO
PBANKA_0904900,YES
PBANKA_1420400,NO
PBANKA_0721800,NO
PBANKA_1300500,NO
PBANKA_0912400,NO
PBANKA_0932300,NO
PBANKA_1030900,NO
PBANKA_1361700,NO
PBANKA_1237300,NO
PBANKA_1111700,NO
PBANKA_0809300,NO
PBANKA_0702100,NO
PBANKA_1235800,NO
PBANKA_1123000,NO
PBANKA_1360800,NO
PBANKA_1432600,NO
PBANKA_1304100,NO
PBANKA_1434300,NO
PBANKA_1017400,NO
PBANKA_1322100,NO
PBANKA_1400800,NO
PBANKA_0935600,NO
PBANKA_1439500,NO
PBANKA_1116900,NO
PBANKA_0933200,NO
PBANKA_1400071,YES
PBANKA_1342300.2,YES
PBANKA_1212200,NO
PBANKA_1209600,NO
PBANKA_1331700,NO
PBANKA_0712700,NO
PBANKA_1337900,NO
PBANKA_0934900,NO
PBANKA_0907600,NO
PBANKA_1136500,NO
PBANKA_0107800,NO
PBANKA_1417700,NO
PBANKA_1416200,NO
PBANKA_1402400,NO
PBANKA_1243300,YES
PBANKA_0110700,NO
PBANKA_1215700,NO
PBANKA_0606000,NO
PBANKA_1209200,NO
PBANKA_1139300,NO
PBANKA_0911100,NO
PBANKA_0810300,NO
PBANKA_0216000,NO
PBANKA_1450800,NO
PBANKA_0410900,NO
PBANKA_0814400,NO
PBANKA_1350900,NO
PBANKA_1331000,NO
PBANKA_0316981,NO
PBANKA_1426600,NO
PBANKA_0610700,NO
PBANKA_0944041,NO
PBANKA_1245600,YES
PBANKA_1403200,NO
PBANKA_1438700,NO
PBANKA_1021800,NO
PBANKA_0214900,YES
PBANKA_1412800,NO
PBANKA_1119600,NO
PBANKA_0213300,NO
PBANKA_1246400,NO
PBANKA_1213400,NO
PBANKA_1218700,NO
PBANKA_0926000,NO
PBANKA_0510500,NO
PBANKA_1358500,NO
PBANKA_0829400,NO
PBANKA_1400100,NO
PBANKA_1217100,NO
PBANKA_1434900,YES
PBANKA_0507500,YES
PBANKA_0403500,NO
PBANKA_0836100,NO
PBANKA_1205500,NO
PBANKA_1360600,NO
PBANKA_1452400,NO
PBANKA_0523500,YES
PBANKA_1200096,NO
PBANKA_0716200,NO
PBANKA_1024400,YES
PBANKA_0935400,NO
PBANKA_1321900,NO
PBANKA_0523200,NO
PBANKA_1122200,NO
PBANKA_1361400,YES
PBANKA_0700521,NO
PBANKA_1359800,NO
PBANKA_1203500,NO
PBANKA_0811200,NO
PBANKA_0705300,NO
PBANKA_0101100,NO
PBANKA_0824200,NO
PBANKA_0903700,NO
PBANKA_0206900,NO
PBANKA_1107500,NO
PBANKA_0831700,NO
PBANKA_1238300,NO
PBANKA_1102600,YES
PBANKA_1355400,NO
PBANKA_0311500,NO
PBANKA_1341400,NO
PBANKA_0607500,NO
PBANKA_0817800,NO
PBANKA_1410200,YES
PBANKA_0915900,NO
PBANKA_0822300,NO
PBANKA_1425300,NO
PBANKA_1141800,NO
PBANKA_1446200,NO
PBANKA_1138500,NO
PBANKA_0834500,NO
PBANKA_0603650,NO
PBANKA_1124600,NO
PBANKA_1025600,NO
PBANKA_1461700,NO
PBANKA_0309500,NO
PBANKA_0830500,NO
PBANKA_1111300,NO
PBANKA_1427900,NO
PBANKA_0517100,NO
PBANKA_1308100,NO
PBANKA_1119200,NO
PBANKA_0913500,NO
PBANKA_1012000,NO
PBANKA_0829200,NO
PBANKA_0300800,NO
PBANKA_1005000,NO
PBANKA_1421600,NO
PBANKA_0811700,NO
PBANKA_1308500,NO
PBANKA_1240700,NO
PBANKA_1350000,NO
PBANKA_0818800,NO
PBANKA_1225400,NO
PBANKA_0909400,NO
PBANKA_0105700,NO
PBANKA_1462400,NO
PBANKA_0408200,NO
PBANKA_MIT02000:rRNA,NO
PBANKA_1313500,NO
PBANKA_0938700,NO
PBANKA_0409900,NO
PBANKA_0524500,NO
PBANKA_0209000,NO
PBANKA_1026700,NO
PBANKA_0507600,NO
PBANKA_1019000,NO
PBANKA_0829300,NO
PBANKA_1130600,NO
PBANKA_1442800,NO
PBANKA_0616400,NO
PBANKA_1362800,NO
PBANKA_1308700,NO
PBANKA_1021600,NO
PBANKA_1324300,NO
PBANKA_1340900,NO
PBANKA_0518900,NO
PBANKA_1449800,NO
PBANKA_0620800,NO
PBANKA_0304200,NO
PBANKA_0300900,NO
PBANKA_1026100,NO
PBANKA_1125800,NO
PBANKA_1448300,NO
PBANKA_0313700,NO
PBANKA_1463400,NO
PBANKA_0501600,NO
PBANKA_1331100,NO
PBANKA_0518600,NO
PBANKA_0928900,NO
PBANKA_1146200,NO
PBANKA_0603100,NO
PBANKA_1357400,NO
PBANKA_1404500,NO
PBANKA_1432700,NO
PBANKA_1141000,NO
PBANKA_1143200,NO
PBANKA_0918400,NO
PBANKA_1326200,NO
PBANKA_1200400,NO
PBANKA_0304600,NO
PBANKA_0620700,NO
PBANKA_0710200,NO
PBANKA_0912800,NO
PBANKA_1337700,NO
PBANKA_1429100,NO
PBANKA_0618300,NO
PBANKA_0202800,NO
PBANKA_1113100,NO
PBANKA_0310200,NO
PBANKA_1447300,NO
PBANKA_0507700,NO
PBANKA_1246700,NO
PBANKA_0611700,NO
PBANKA_0621000,NO
PBANKA_1300900,NO
PBANKA_0905100,NO
PBANKA_1134600,NO
PBANKA_1016900,NO
PBANKA_0617800,YES
PBANKA_1430000,NO
PBANKA_0608000,NO
PBANKA_0511600,NO
PBANKA_1100441,NO
PBANKA_1325700,NO
PBANKA_0708900,NO
PBANKA_0410650,NO
PBANKA_1340800,NO
PBANKA_1220900,NO
PBANKA_0214500,NO
PBANKA_0835000,NO
PBANKA_0713800,NO
PBANKA_0714500,NO
PBANKA_1111200,NO
PBANKA_0910600,NO
PBANKA_0706100,NO
PBANKA_0933600,NO
PBANKA_1133000,NO
PBANKA_1203100,NO
PBANKA_1204700,NO
PBANKA_0104200,NO
PBANKA_0800500,NO
PBANKA_0706500,NO
PBANKA_0513000,YES
PBANKA_1001200,NO
PBANKA_1304800,NO
PBANKA_0824600,NO
PBANKA_1030800,NO
PBANKA_0512300,NO
PBANKA_1129200,NO
PBANKA_1340200,NO
PBANKA_0927500,NO
PBANKA_1411600,NO
PBANKA_0716300,NO
PBANKA_0940000,NO
PBANKA_0618000,NO
PBANKA_0801300,NO
PBANKA_0932700,NO
PBANKA_1311100,NO
PBANKA_0705000,NO
PBANKA_0209100,NO
PBANKA_0616200,NO
PBANKA_0924600,NO
PBANKA_1225200,NO
PBANKA_1460300,NO
PBANKA_0906100,NO
PBANKA_0309900,NO
PBANKA_0714700,NO
PBANKA_1200900,NO
PBANKA_1231900,NO
PBANKA_1143700,NO
PBANKA_1460900,NO
PBANKA_1203000,NO
PBANKA_1409500,NO
PBANKA_1313900,NO
PBANKA_1311900,NO
PBANKA_1353200,NO
PBANKA_1005200,NO
PBANKA_1431300,NO
PBANKA_1325100,NO
PBANKA_1127200,NO
PBANKA_1302100,NO
PBANKA_1239300,NO
PBANKA_1139600,NO
PBANKA_0833700,NO
PBANKA_1344700,NO
PBANKA_0907400,NO
PBANKA_1312600,YES
PBANKA_0212500,NO
PBANKA_0103700,NO
PBANKA_0722900,NO
PBANKA_0905400,NO
PBANKA_1125400,NO
PBANKA_0818700,NO
PBANKA_0828300,NO
PBANKA_0927100,NO
PBANKA_1146741,NO
PBANKA_1118100.2,NO
PBANKA_0212600,NO
PBANKA_0504100,NO
PBANKA_0311300,NO
PBANKA_1014200,NO
PBANKA_1237400,NO
PBANKA_1109100,NO
PBANKA_0523000,NO
PBANKA_0602900,NO
PBANKA_0302900,NO
PBANKA_1462100,NO
PBANKA_1002900,NO
PBANKA_0911650,NO
PBANKA_1340700,NO
PBANKA_1205700,NO
PBANKA_1027500,NO
PBANKA_1137600,NO
PBANKA_0943000,NO
PBANKA_1203200,NO
PBANKA_1331500,NO
PBANKA_0611500,NO
PBANKA_0601800,NO
PBANKA_1245150,NO
PBANKA_0701300,NO
PBANKA_0515100,NO
PBANKA_0818400,NO
PBANKA_1402100,NO
PBANKA_0607100,YES
PBANKA_1400061,NO
PBANKA_1417000,NO
PBANKA_1331600,NO
PBANKA_1362700,NO
PBANKA_0902000,NO
PBANKA_1338200,NO
PBANKA_1354200,NO
PBANKA_0418400,NO
PBANKA_1221900,NO
PBANKA_1462300,NO
PBANKA_0111500,NO
PBANKA_1437900,NO
PBANKA_0921000,NO
PBANKA_1419500,NO
PBANKA_1413600,NO
PBANKA_0705500,NO
PBANKA_0514400,NO
PBANKA_0204000,NO
PBANKA_1211800,NO
PBANKA_1015100,NO
PBANKA_1442700,NO
PBANKA_0902600,NO
PBANKA_1126700,NO
PBANKA_1351600,NO
PBANKA_1024500,NO
PBANKA_0707900,NO
PBANKA_1346900,NO
PBANKA_0720500,NO
PBANKA_0400500,NO
PBANKA_0514200,NO
PBANKA_0203750,NO
PBANKA_0412700,NO
PBANKA_0805300,NO
PBANKA_1240900,NO
PBANKA_0600041,NO
PBANKA_1413800,NO
PBANKA_0103000,NO
PBANKA_0517900,NO
PBANKA_1246300,NO
PBANKA_0705400,NO
PBANKA_1037700,NO
PBANKA_0508300,NO
PBANKA_1350400,NO
PBANKA_0202100,NO
PBANKA_0515600,NO
PBANKA_1363700,NO
PBANKA_1126100,NO
PBANKA_0708600,NO
PBANKA_0001001,NO
PBANKA_1416700,NO
PBANKA_0406900,NO
PBANKA_0216781,NO
PBANKA_1133900,NO
PBANKA_1023100,NO
PBANKA_0621100,NO
PBANKA_0825800,NO
PBANKA_0515200,YES
PBANKA_1138100,NO
PBANKA_0603900,NO
PBANKA_0622300,NO
PBANKA_0935700,NO
PBANKA_1019370,NO
PBANKA_0411000,NO
PBANKA_0413800,NO
PBANKA_0213900,NO
PBANKA_1015700,NO
PBANKA_0813700,NO
PBANKA_1000900,NO
PBANKA_1449600,NO
PBANKA_0106800,NO
PBANKA_1219700,NO
PBANKA_0205700,NO
PBANKA_1002300,NO
PBANKA_1311300,YES
PBANKA_1240500,NO
PBANKA_0700541,NO
PBANKA_1106600,NO
PBANKA_MIT01600:rRNA,NO
PBANKA_1418000,NO
PBANKA_1460100,NO
PBANKA_1439000,NO
PBANKA_0204300,NO
PBANKA_1222200,NO
PBANKA_1416000,NO
PBANKA_1333200,NO
PBANKA_1306700,NO
PBANKA_0313500,NO
PBANKA_1317800,NO
PBANKA_1431200,NO
PBANKA_0938200,NO
PBANKA_0200500,NO
PBANKA_1360900,YES
PBANKA_0810400,NO
PBANKA_1447500,NO
PBANKA_0930400,YES
PBANKA_1466000,NO
PBANKA_0503400,NO
PBANKA_1433200,NO
PBANKA_0930600,NO
PBANKA_1324700,NO
PBANKA_1356600,NO
PBANKA_1325900,NO
PBANKA_1422800,NO
PBANKA_1018200,NO
PBANKA_1411700,NO
PBANKA_1010400,NO
PBANKA_0803900,NO
PBANKA_1223200,NO
PBANKA_1444300,NO
PBANKA_0314000,NO
PBANKA_0523800,NO
PBANKA_1143900,NO
PBANKA_0910900,NO
PBANKA_1400200,NO
PBANKA_1433600,NO
PBANKA_0200700,NO
PBANKA_1466121,NO
PBANKA_0940500,NO
PBANKA_1305800,NO
PBANKA_1400051,NO
PBANKA_1220400,NO
PBANKA_1365700,NO
PBANKA_1116000,NO
PBANKA_0922600,NO
PBANKA_1404600,NO
PBANKA_1224300,NO
PBANKA_1353600,NO
PBANKA_1124700,NO
PBANKA_1446400,YES
PBANKA_0316821,NO
PBANKA_1301200,NO
PBANKA_1349800,NO
PBANKA_1142000,NO
PBANKA_1244900,NO
PBANKA_1207400,NO
PBANKA_0521100,YES
PBANKA_0616000,YES
PBANKA_1114800,NO
PBANKA_1212100,NO
PBANKA_1419400,NO
PBANKA_0917980,NO
PBANKA_1460600,NO
PBANKA_1400081,NO
PBANKA_0718000,NO
PBANKA_0316861,NO
PBANKA_0817300,NO
PBANKA_0944000,NO
PBANKA_1146781,NO
PBANKA_1027600,NO
PBANKA_1133600,NO
PBANKA_0923800,NO
PBANKA_0412600,NO
PBANKA_1123400,NO
PBANKA_0110300,NO
PBANKA_1020500,NO
PBANKA_1465300,NO
PBANKA_1146261,NO
PBANKA_0837141,NO
PBANKA_1456600,NO
PBANKA_0312600,NO
PBANKA_1242900,NO
PBANKA_0818200,NO
PBANKA_1000400,NO
PBANKA_0500950,NO
PBANKA_1321800,YES
PBANKA_1217300,NO
PBANKA_1146241,NO
PBANKA_1214500,NO
PBANKA_1106200,NO
PBANKA_0836550,NO
PBANKA_0415900,NO
PBANKA_0803800,YES
PBANKA_0944101,NO
PBANKA_1037800,NO
PBANKA_0308400,NO
PBANKA_0809500,NO
PBANKA_0943700,NO
PBANKA_1404200,NO
PBANKA_0515700,NO
PBANKA_1146721,NO
PBANKA_0719200,NO
PBANKA_0916650,NO
PBANKA_0906000,NO
PBANKA_1040200,NO
PBANKA_1019320,NO
PBANKA_1000091,NO
PBANKA_1006200,NO
PBANKA_0915100,NO
PBANKA_0805750,NO
PBANKA_0716400,NO
PBANKA_0606500,NO
PBANKA_1422000,YES
PBANKA_1465200,YES
PBANKA_1019380,NO
PBANKA_1400300,NO
PBANKA_0316941,NO
PBANKA_MIT00500:rRNA,NO
PBANKA_1458500,NO
PBANKA_0513500,NO
PBANKA_0507200,NO
PBANKA_0600081,NO
PBANKA_1404300,NO
PBANKA_1426800,NO
PBANKA_1318000,NO
PBANKA_0824500,NO
PBANKA_1029100,NO
PBANKA_1040521,NO
PBANKA_1310100,NO
PBANKA_1107000,NO
PBANKA_1419900,NO
PBANKA_1318700,NO
PBANKA_1300091,NO
PBANKA_1123700,NO
PBANKA_1343100,NO
PBANKA_0832100,NO
PBANKA_0829600,NO
PBANKA_0608800,NO
PBANKA_0315420,NO
PBANKA_1425200,NO
PBANKA_0515350,NO
PBANKA_0622921,NO
PBANKA_1141900,NO
PBANKA_1408400,NO
PBANKA_1117600,NO
PBANKA_0700100,NO
PBANKA_1019330,NO
PBANKA_0700741,NO
PBANKA_1441000,NO
PBANKA_1410950,NO
PBANKA_0112701,NO
PBANKA_0600700,NO
PBANKA_0402200,NO
PBANKA_1140700,NO
PBANKA_0808100,NO
PBANKA_0605000,NO
PBANKA_1364250,NO
PBANKA_0902700,NO
PBANKA_1019360,NO
PBANKA_1027400,NO
PBANKA_1411500,NO
PBANKA_1323600,NO
PBANKA_0214100,NO
PBANKA_1407650,NO
PBANKA_1000031,NO
PBANKA_0524821,NO
PBANKA_1309600,NO
PBANKA_0201450,NO
PBANKA_0316921,NO
PBANKA_1110900,NO
PBANKA_1146600,NO
PBANKA_1024600,NO
PBANKA_0600300,NO
PBANKA_0800200,NO
PBANKA_MIT01200:rRNA,NO
PBANKA_0300200,NO
PBANKA_0706600,NO
PBANKA_0808380,NO
PBANKA_0317001,NO
PBANKA_1362500,NO
PBANKA_0202600,NO
PBANKA_0910400,NO
PBANKA_1024311:ncRNA,NO
PBANKA_1212400,NO
PBANKA_1245841,NO
PBANKA_0824000,NO
PBANKA_0934800,NO
PBANKA_0933100,NO
PBANKA_1127100,NO
PBANKA_1019560,NO
PBANKA_1232000,NO
PBANKA_1246500,NO
PBANKA_1317000,NO
PBANKA_0400100,NO
PBANKA_0111300.2,NO
PBANKA_0932900,NO
PBANKA_0937750,NO
PBANKA_1363400,NO
PBANKA_0111300,NO
PBANKA_0315430,NO
PBANKA_0501200,NO
PBANKA_1457700,NO
PBANKA_1000041,NO
PBANKA_0937880,NO
PBANKA_0500781,NO
PBANKA_0500971,NO
PBANKA_0836900,NO
PBANKA_0703000,NO
PBANKA_1119400,NO
PBANKA_0944061,NO
PBANKA_1236200,NO
PBANKA_0712500,NO
PBANKA_0820900,NO
PBANKA_0216061,NO
PBANKA_1451200,NO
PBANKA_1001700,YES
PBANKA_1025700,NO
PBANKA_0902800,NO
PBANKA_0317121,NO
PBANKA_1040581,NO
PBANKA_0917990,NO
PBANKA_0100300,NO
PBANKA_1428980,NO
PBANKA_1307900,NO
PBANKA_1406000,NO
PBANKA_1323500,NO
PBANKA_0308200,NO
PBANKA_1336800,NO
PBANKA_1100821,NO
PBANKA_1355600,NO
PBANKA_0937600,NO
PBANKA_0001201,NO
PBANKA_0505000,NO
PBANKA_0110600,NO
PBANKA_0300500,NO
PBANKA_0500741,NO
PBANKA_0413700,NO
PBANKA_1039450,NO
PBANKA_1416500,NO
PBANKA_0711600,NO
PBANKA_1040400,NO
PBANKA_0400600,NO
PBANKA_0317041,NO
PBANKA_1354550,NO
PBANKA_0201700,NO
PBANKA_1136000,NO
PBANKA_1465921,NO
PBANKA_1000100,NO
PBANKA_MIT00700:rRNA,NO
PBANKA_1200700,NO
PBANKA_0916500,NO
PBANKA_1146700,NO
PBANKA_1432300,YES
PBANKA_0908600,NO
PBANKA_1459200,NO
PBANKA_1203450,NO
PBANKA_0823800,NO
PBANKA_1400031,NO
PBANKA_1460000,YES
PBANKA_1233700,NO
PBANKA_0906800,NO
PBANKA_0623600,NO
PBANKA_0402600,NO
PBANKA_1465700,NO
PBANKA_0703910,NO
PBANKA_0600086,NO
PBANKA_0206700,NO
PBANKA_0112621,NO
PBANKA_1462600,NO
PBANKA_1040561,NO
PBANKA_0001101,NO
PBANKA_1019520,NO
PBANKA_MIT00600:rRNA,NO
PBANKA_0409000,NO
PBANKA_0216701,NO
PBANKA_1465500,NO
PBANKA_1206800,NO
PBANKA_1110350,NO
PBANKA_1100850,NO
PBANKA_1400041,NO
PBANKA_1006300,NO
PBANKA_0524841,NO
PBANKA_1245821,NO
PBANKA_0909000,NO
PBANKA_0707000,NO
PBANKA_0201051,NO
PBANKA_0518100,NO
PBANKA_1019310,NO
PBANKA_0600100,NO
PBANKA_1408700,NO
PBANKA_MIT02500:rRNA,NO
PBANKA_1031700,NO
PBANKA_0207900,NO
PBANKA_0818300,NO
PBANKA_1346750,NO
PBANKA_0700500,NO
PBANKA_1204000,NO
PBANKA_1000051,NO
PBANKA_1241400,NO
PBANKA_0519500,NO
PBANKA_0837001,NO
PBANKA_0510700,NO
PBANKA_1226450,NO
PBANKA_1365721,NO
PBANKA_0100100,NO
PBANKA_1040541,NO
PBANKA_1040300,NO
PBANKA_0112661,NO
PBANKA_1464100,NO
PBANKA_0622961,NO
PBANKA_0700071,NO
PBANKA_0937200.2,NO
PBANKA_1462500,NO
PBANKA_0215700,NO
PBANKA_0403200,NO
PBANKA_0513700,NO
PBANKA_0316900,NO
PBANKA_0700400,NO
PBANKA_1435900,NO
PBANKA_0820200,NO
PBANKA_1125650,NO
PBANKA_0837201,NO
PBANKA_0201400,NO
PBANKA_0405310,NO
PBANKA_0500721,NO
PBANKA_1246141,NO
PBANKA_1202900,NO
PBANKA_1019540,NO
PBANKA_0711400,NO
PBANKA_1365650,NO
PBANKA_1019580,NO
PBANKA_1300100,NO
PBANKA_1345850,NO
PBANKA_0412400,NO
PBANKA_1306500,NO
PBANKA_1411000,NO
PBANKA_0837081,NO
PBANKA_1040500,NO
PBANKA_0700081,NO
PBANKA_1100781,NO
PBANKA_0600251,NO
PBANKA_0501000,NO
PBANKA_1146100,NO
PBANKA_1466100,NO
PBANKA_1465400,NO
PBANKA_1200091,NO
PBANKA_0921200,NO
PBANKA_1003900,NO
PBANKA_1131300,NO
PBANKA_1400096,NO
PBANKA_0317181,NO
PBANKA_0941000,NO
PBANKA_1403250,NO
PBANKA_0937860,NO
PBANKA_0700051,NO
PBANKA_1245920,NO
PBANKA_0600200,NO
PBANKA_1435000,YES
PBANKA_1034200,NO
PBANKA_0820400,NO
PBANKA_1040151,NO
PBANKA_0623651,NO
PBANKA_1145741:tRNA,NO
PBANKA_0622941,NO
PBANKA_1125100,NO
PBANKA_1100750,NO
PBANKA_1017000,NO
PBANKA_MIT00400:rRNA,NO
PBANKA_1465600,NO
PBANKA_0317021,NO
PBANKA_0944081,NO
PBANKA_0714900,NO
PBANKA_0609250,NO
PBANKA_0511000,NO
PBANKA_1006400,NO
PBANKA_0600031,NO
PBANKA_1352621:tRNA,NO
PBANKA_1112000,NO
PBANKA_0800021,NO
PBANKA_0112721,NO
PBANKA_1466141,NO
PBANKA_0000600,NO
PBANKA_1106900,NO
PBANKA_0216041,NO
PBANKA_0700061,NO
PBANKA_1354380,NO
PBANKA_1300031,NO
PBANKA_0700200,NO
PBANKA_0000301,NO
PBANKA_0317081,NO
PBANKA_1000200,NO
PBANKA_0800061,NO
PBANKA_0407550,NO
PBANKA_0100081,NO
PBANKA_1453200.2,NO
PBANKA_1300081,NO
PBANKA_1410500,NO
PBANKA_0508000,NO
PBANKA_0943800,NO
PBANKA_0316650,NO
PBANKA_1246800,NO
PBANKA_1226470,NO
PBANKA_0008101,NO
PBANKA_0100041,NO
PBANKA_1354600,NO
PBANKA_0722200,NO
PBANKA_1456700,NO
PBANKA_MIT03700:rRNA,NO
PBANKA_1465051,NO
PBANKA_0400700,NO
PBANKA_0201360,NO
PBANKA_1300071,NO
PBANKA_1246900,NO
PBANKA_0600091,NO
PBANKA_0214951,NO
PBANKA_1000451,NO
PBANKA_0609600,NO
PBANKA_0937840,NO
PBANKA_1203600,NO
PBANKA_0304700,NO
PBANKA_1119921:tRNA,NO
PBANKA_0317101,NO
PBANKA_1100351,NO
PBANKA_1034500,NO
PBANKA_0837121,NO
PBANKA_1200071,NO
PBANKA_0216021,NO
PBANKA_1246200,NO
PBANKA_1145721:tRNA,NO
PBANKA_1309750,NO
PBANKA_0007901,NO
PBANKA_0112661,NO
PBANKA_1100400,NO
PBANKA_1114051:tRNA,NO
PBANKA_1200031,NO
PBANKA_0622941,NO
PBANKA_1125100,NO
PBANKA_1100750,NO
PBANKA_1017000,NO
PBANKA_MIT00400,NO
PBANKA_1465600,NO
PBANKA_0317021,NO
PBANKA_0944081,NO
PBANKA_0714900,NO
PBANKA_0609250,NO
PBANKA_0511000,NO
PBANKA_1006400,NO
PBANKA_0600031,NO
PBANKA_1352621,NO
PBANKA_1112000,NO
PBANKA_0800021,NO
PBANKA_0112721,NO
PBANKA_1466141,NO
PBANKA_0000600,NO
PBANKA_1106900,NO
PBANKA_0216041,NO
PBANKA_0700061,NO
PBANKA_1354380,NO
PBANKA_1300031,NO
PBANKA_0700200,NO
PBANKA_0000301,NO
PBANKA_0317081,NO
PBANKA_1000200,NO
PBANKA_0800061,NO
PBANKA_0407550,NO
PBANKA_0100081,NO
PBANKA_1453200,NO
PBANKA_1300081,NO
PBANKA_1410500,NO
PBANKA_0508000,NO
PBANKA_0943800,NO
PBANKA_0316650,NO
PBANKA_1246800,NO
PBANKA_1226470,NO
PBANKA_0008101,NO
PBANKA_0100041,NO
PBANKA_1354600,NO
PBANKA_0722200,NO
PBANKA_1456700,NO
PBANKA_MIT03700,NO
PBANKA_1465051,NO
PBANKA_0400700,NO
PBANKA_0201360,NO
PBANKA_1300071,NO
PBANKA_1246900,NO
PBANKA_0600091,NO
PBANKA_0214951,NO
PBANKA_1000451,NO
PBANKA_0609600,NO
PBANKA_0937840,NO
PBANKA_1203600,NO
PBANKA_0304700,NO
PBANKA_1119921,NO
PBANKA_0317101,NO
PBANKA_1100351,NO
PBANKA_1034500,NO
PBANKA_0837121,NO
PBANKA_1200071,NO
PBANKA_0216021,NO
PBANKA_1246200,NO
PBANKA_1145721,NO
PBANKA_1309750,NO
PBANKA_0007901,NO
PBANKA_0112661,NO
PBANKA_1100400,NO
PBANKA_1114051,NO
PBANKA_1200031,NO
PBANKA_API00300,NO
PBANKA_1350350,NO
PBANKA_1246961,NO
PBANKA_0800541,NO
PBANKA_0836981,NO
PBANKA_API00304,NO
PBANKA_1300021,NO
PBANKA_1000021,NO
PBANKA_0600071,NO
PBANKA_0804341,NO
PBANKA_1464841,NO
PBANKA_API00410,NO
PBANKA_0943561,NO
PBANKA_1131851,NO
PBANKA_0804321,NO
PBANKA_0008201,NO
PBANKA_0943541,NO
PBANKA_1300041,NO
PBANKA_0910500,NO
PBANKA_0612861,NO
PBANKA_0007701,NO
PBANKA_1300061,NO
PBANKA_1024331,NO
PBANKA_0001301,NO
PBANKA_API00390,NO
PBANKA_API00290,NO
PBANKA_0837181,NO
PBANKA_0112681,NO
PBANKA_1352641,NO
PBANKA_1200051,NO
PBANKA_1000061,NO
PBANKA_0501051,NO
PBANKA_0000401,NO
PBANKA_API00340,NO
PBANKA_0800561,NO
PBANKA_1421241,NO
PBANKA_0836941,NO
PBANKA_API00095,NO
PBANKA_0623751,NO
PBANKA_0301351,NO
PBANKA_0836921,NO
PBANKA_1120551,NO
PBANKA_1002200,NO
PBANKA_API00430,NO
PBANKA_1465821,NO
PBANKA_0007401,NO
PBANKA_1200021,NO
PBANKA_API00380,NO
PBANKA_1007641,NO
PBANKA_0612841,NO
PBANKA_1466161,NO
PBANKA_MIT02400,NO
PBANKA_MIT02200,NO
PBANKA_1465800,NO
PBANKA_0837061,NO
PBANKA_1200061,NO
PBANKA_0214531,NO
PBANKA_0837021,NO
PBANKA_0700041,NO
PBANKA_0600011,NO
PBANKA_1128000,NO
PBANKA_1464861,NO